age,gender,race,id,5dcs_je_1,5dcs_je_2,5dcs_je_3,5dcs_je_4,5dcs_je_5,5dcs_ds_1,5dcs_ds_2,5dcs_ds_3,5dcs_ds_4,5dcs_ds_5,5dcs_st_1,5dcs_st_2,5dcs_st_3,5dcs_st_4,5dcs_st_5,5dcs_sc_1,5dcs_sc_2,5dcs_sc_3,5dcs_sc_4,5dcs_sc_5,5dcs_ts_1,5dcs_ts_2,5dcs_ts_3,5dcs_ts_4,5dcs_ts_5,bis_1_1,bis_1_2,bis_1_3,bis_1_4,bis_1_5,bis_1_6,bis_1_7,bis_1_8,bis_1_9,bis_1_10,bis_2_1,bis_2_2,bis_2_3,bis_2_4,bis_2_5,bis_2_6,bis_2_7,bis_2_8,bis_2_9,bis_2_10,bis_3_1,bis_3_2,bis_3_3,bis_3_4,bis_3_5,bis_3_6,bis_3_7,bis_3_8,bis_3_9,bis_3_10,soes_1,soes_2,soes_3,soes_4,soes_5,soes_6,soes_7,soes_8,soes_9,soes_10,curiosity_je,curiosity_ds,curiosity_st,curiosity_sc,curiosity_ts,bis,soes
64,Male,Caucasian (or White),0,5,1,1,3,3,4,5,6,7,6,5,6,5,4,6,4,3,5,5,6,3,2,1,4,1,2,1,2,2,1,2,1,1,2,1,1,1,3,1,4,1,2,1,2,1,1,2,2,2,1,2,3,1,3,3,4,4,1,5,4,5,2,5,2,1,2.6,5.6,5.2,4.6,2.2,52,3.3
51,Male,African American (or Black),1,5,5,6,6,7,2,5,7,7,6,4,4,4,3,2,1,2,2,1,2,4,1,1,1,1,2,1,3,2,1,1,1,1,2,3,1,1,2,1,2,2,1,1,1,2,2,1,2,1,1,1,1,1,3,2,2,4,1,4,4,2,2,4,2,2,5.8,5.4,3.4,1.6,1.6,46,2.7
51,Male,Caucasian (or White),2,2,2,1,1,4,1,1,2,1,6,1,3,1,3,3,2,1,2,4,1,1,1,1,2,1,2,2,1,1,2,2,2,2,3,3,3,2,3,2,4,1,2,4,2,3,1,2,3,1,1,2,3,3,3,4,1,3,4,3,2,1,1,3,5,1,2.0,2.2,2.2,2.0,1.2,69,2.4
36,Female,Mixed race or ethnicity,3,2,3,1,6,7,2,3,2,1,7,1,3,6,3,3,7,7,6,7,6,2,2,2,5,1,2,2,1,1,2,2,3,3,4,2,1,2,4,2,2,2,1,2,1,3,1,1,2,2,1,3,3,1,1,3,2,1,5,2,5,2,5,2,5,2,3.8,3.0,3.2,6.6,2.4,60,3.1
51,Female,Asian,4,3,5,3,6,7,5,5,5,4,7,5,4,3,2,3,6,6,6,6,7,2,1,2,2,2,1,1,3,1,2,2,1,2,2,2,1,1,2,1,3,1,2,2,1,2,1,2,2,2,1,2,1,2,3,1,4,3,2,4,4,4,4,5,2,2,4.8,5.2,3.4,6.2,1.8,50,3.4
61,Female,Caucasian (or White),5,2,3,3,3,3,3,6,5,6,6,5,5,3,5,2,5,6,5,6,5,3,1,1,2,2,1,1,2,3,1,1,2,2,2,2,2,2,2,2,3,2,1,2,1,2,2,2,2,2,1,2,2,3,3,3,1,4,1,2,5,2,1,5,4,1,2.8,5.2,4.0,5.4,1.8,58,2.6
25,Male,Caucasian (or White),6,2,2,3,5,5,2,3,6,5,7,3,2,2,2,2,1,2,1,1,2,1,1,1,1,1,1,1,2,1,1,3,2,1,1,1,1,1,1,1,3,1,1,1,1,1,1,1,2,1,1,1,2,1,3,2,1,5,2,3,3,1,2,5,4,3,3.4,4.6,2.2,1.4,1.0,41,2.9
37,Male,Caucasian (or White),7,7,6,6,6,6,6,5,6,6,2,6,6,7,5,3,6,6,6,5,6,5,4,3,4,2,2,1,4,4,1,1,2,1,1,1,1,1,1,1,2,1,1,3,2,1,1,2,3,2,1,1,2,1,1,1,5,5,1,5,5,5,1,5,1,1,6.2,5.0,5.4,5.8,3.6,47,3.4
36,Male,Caucasian (or White),8,3,4,2,6,6,3,2,3,3,4,6,5,6,5,6,5,5,5,5,5,4,4,2,4,2,2,2,2,2,1,2,2,2,2,2,1,2,2,1,4,1,1,2,1,2,1,1,2,1,1,1,1,3,4,2,2,4,2,4,4,4,2,4,2,3,4.2,3.0,5.6,5.0,3.2,53,3.1
34,Male,Caucasian (or White),9,4,7,6,5,7,5,6,6,6,7,4,2,2,3,3,5,6,7,6,7,4,2,1,2,1,1,1,1,2,1,2,1,2,2,2,2,1,1,2,1,1,1,1,2,2,1,1,3,1,1,2,2,2,2,2,2,1,2,2,5,3,4,5,4,1,5.8,6.0,2.8,6.2,2.0,46,2.9
31,Male,Caucasian (or White),10,3,3,2,3,5,6,6,6,6,5,5,3,2,5,3,2,2,2,2,2,2,1,2,2,2,2,1,1,3,2,3,1,1,3,2,2,2,2,1,3,1,1,1,1,2,1,1,1,1,1,2,2,2,2,2,2,4,4,5,2,3,3,4,4,4,3.2,5.8,3.6,2.0,1.8,50,3.5
43,Female,African American (or Black),11,5,5,3,3,6,6,5,5,5,5,1,5,2,3,1,3,6,4,3,3,6,3,2,3,2,3,2,1,1,2,3,3,2,3,4,3,2,4,2,2,2,1,2,1,2,1,1,2,3,2,4,3,4,3,3,1,1,2,1,5,1,3,4,5,1,4.4,5.2,2.4,3.8,3.2,71,2.4
60,Female,Caucasian (or White),12,6,1,5,1,3,5,5,5,6,6,7,7,7,3,4,2,5,5,5,6,5,1,1,3,1,2,1,1,3,1,1,1,1,1,1,2,1,2,1,2,1,1,1,1,1,1,2,1,2,1,1,3,2,1,3,2,2,1,4,4,5,1,5,2,2,3.2,5.4,5.6,4.6,2.2,43,2.8
30,Male,Caucasian (or White),13,5,7,4,4,7,1,2,4,3,5,6,6,7,6,7,5,5,3,5,3,3,5,7,2,2,2,1,2,3,1,3,1,1,1,1,4,1,4,1,2,2,2,3,2,1,1,1,1,2,1,2,2,3,2,1,4,2,1,5,3,3,4,4,1,2,5.4,3.0,6.4,4.2,3.8,54,2.9
55,Male,African American (or Black),14,5,2,4,2,6,4,2,4,4,7,3,3,3,2,2,3,3,2,2,3,4,2,1,2,2,2,1,2,1,1,4,3,3,3,2,3,3,3,2,4,1,1,1,1,2,1,1,2,1,1,3,1,3,3,4,1,2,4,1,5,2,4,3,4,2,3.8,4.2,2.6,2.6,2.2,63,2.8
35,Male,Caucasian (or White),15,7,7,5,7,7,5,5,7,7,6,7,5,7,6,7,5,7,7,4,4,7,6,5,7,5,1,2,2,4,1,2,1,2,1,2,1,1,1,2,1,1,2,1,2,1,1,2,2,1,1,3,2,1,1,2,2,5,1,5,5,5,1,5,2,1,6.6,6.0,6.4,5.4,6.0,47,3.2
40,Female,Caucasian (or White),16,4,2,4,1,5,6,6,7,6,7,3,1,1,2,2,5,5,7,6,7,2,1,1,1,1,1,1,2,2,1,1,1,1,1,1,1,1,2,1,2,1,1,1,1,1,1,1,2,2,2,1,3,1,1,2,1,5,2,4,5,3,2,5,4,2,3.2,6.4,1.8,6.0,1.2,40,3.3
50,Female,Caucasian (or White),17,3,1,2,7,7,1,5,3,5,7,6,7,5,6,7,6,7,2,2,5,3,1,1,1,1,1,1,3,1,1,1,1,1,1,1,1,2,2,1,2,1,1,1,1,2,1,1,2,2,1,2,3,1,1,3,1,1,1,4,5,1,1,5,4,1,4.0,4.2,6.2,4.4,1.4,43,2.4
64,Female,Caucasian (or White),18,3,3,4,5,5,5,3,6,5,5,6,6,6,4,4,5,3,3,5,4,2,2,1,3,4,2,2,3,3,2,2,2,2,2,2,3,2,2,1,2,1,2,2,1,2,1,2,1,2,2,2,2,3,2,3,2,4,2,3,4,3,2,4,2,2,4.0,4.8,5.2,4.0,2.4,60,2.8
32,Female,Mixed race or ethnicity,19,6,7,6,7,7,6,5,7,7,7,5,4,5,2,1,7,7,7,7,6,4,4,1,4,4,2,1,1,1,1,3,2,1,2,3,2,1,3,1,1,1,1,1,1,2,1,2,2,2,2,2,1,2,2,1,4,3,2,3,5,4,2,5,3,3,6.6,6.4,3.4,6.8,3.4,48,3.4
38,Male,Asian,20,2,1,1,5,5,6,2,5,4,7,3,4,3,1,3,1,2,6,5,7,2,3,1,2,1,2,1,4,1,1,2,1,2,2,1,3,3,1,4,4,2,1,3,1,3,1,1,2,1,1,1,1,3,4,1,2,1,1,3,2,4,5,5,3,2,2.8,4.8,2.8,4.2,1.8,58,2.8
40,Female,Caucasian (or White),21,5,2,5,5,6,2,5,4,4,7,4,4,2,3,5,4,5,4,4,4,3,2,2,5,5,3,3,3,3,3,2,3,3,2,4,4,3,4,3,3,2,3,3,3,3,3,3,3,2,3,3,4,3,3,3,3,4,5,4,3,3,4,3,4,2,4.6,4.4,3.6,4.2,3.4,90,3.5
37,Female,African American (or Black),22,5,5,2,3,5,5,4,5,5,7,5,2,2,2,2,5,6,5,4,4,2,3,2,6,4,2,1,2,2,1,2,2,2,3,1,2,2,2,2,4,1,2,2,1,1,1,2,1,2,1,3,2,3,2,2,2,4,3,3,5,1,2,3,5,1,4.0,5.2,2.6,4.8,3.4,56,2.9
31,Male,Caucasian (or White),23,5,3,6,3,6,4,6,5,5,4,6,6,4,4,3,2,4,2,4,1,5,3,2,6,4,3,2,3,2,1,3,2,3,4,2,2,2,3,2,3,1,2,2,2,2,1,2,1,1,2,3,3,2,4,4,2,3,2,3,5,3,3,4,3,1,4.6,4.8,4.6,2.6,4.0,69,2.9
27,Female,Caucasian (or White),24,3,3,4,5,5,3,4,3,3,5,5,4,2,2,3,5,6,1,1,5,3,2,2,3,3,3,2,1,2,2,3,3,3,3,3,1,2,3,2,3,2,3,2,2,3,1,2,2,3,2,3,2,1,3,3,1,5,4,2,4,2,3,4,5,2,4.0,3.6,3.2,3.6,2.6,70,3.2
40,Male,Hispanic American (or Latino),25,7,7,7,7,7,6,7,7,6,7,4,2,4,4,3,7,7,7,7,6,4,2,2,2,6,2,2,1,1,1,1,1,1,1,1,1,1,1,1,1,2,2,1,1,1,1,2,2,3,2,2,2,1,1,1,2,5,2,4,5,2,4,5,5,1,7.0,6.6,3.4,6.8,3.2,41,3.5
50,Female,Caucasian (or White),26,6,3,2,6,7,4,5,6,6,5,5,5,3,3,5,5,6,5,5,5,3,2,2,3,1,3,1,3,3,1,1,3,2,2,3,2,2,3,2,3,1,1,1,1,2,2,2,1,1,2,1,3,2,3,3,2,1,1,5,2,2,2,5,4,2,4.8,5.2,4.2,5.2,2.2,60,2.6
51,Male,Caucasian (or White),27,5,2,4,5,6,1,2,2,2,1,7,7,7,6,7,2,2,3,3,3,1,3,1,5,3,2,1,4,2,1,1,2,2,1,2,1,1,2,1,3,2,1,1,1,1,2,1,1,2,1,1,4,1,3,3,5,2,1,5,5,5,1,5,1,3,4.4,1.6,6.8,2.6,2.6,51,3.3
31,Female,Hispanic American (or Latino),28,7,7,7,7,7,7,5,7,7,7,7,3,6,6,5,6,7,5,6,5,1,5,6,7,7,3,2,3,4,2,3,2,2,1,2,1,1,3,1,1,2,3,3,4,1,2,2,2,2,3,3,3,1,1,1,1,3,3,3,5,4,4,5,3,1,7.0,6.6,5.4,5.8,5.2,64,3.2
23,Female,Caucasian (or White),29,5,4,4,4,5,5,5,5,6,5,1,3,3,3,3,5,6,7,7,7,4,4,5,5,5,2,2,1,2,1,2,2,3,2,3,1,2,3,2,3,1,2,2,2,2,1,2,2,2,2,2,3,1,3,3,4,2,4,3,3,1,4,4,4,2,4.4,5.2,2.6,6.4,4.6,61,3.1
72,Female,Caucasian (or White),30,5,5,5,5,7,5,6,6,6,7,6,6,7,5,5,5,5,3,3,1,3,3,1,3,1,1,2,2,2,1,1,1,2,2,4,1,1,3,2,1,3,2,1,2,2,2,2,2,1,1,2,1,1,1,1,1,4,1,4,5,2,4,5,3,1,5.4,6.0,5.8,3.4,2.2,50,3.0
41,Male,Caucasian (or White),31,4,4,6,7,7,7,5,5,5,6,3,3,2,2,2,6,7,5,6,4,2,2,2,4,3,2,2,1,2,2,3,2,3,3,3,3,2,2,2,2,2,2,2,2,2,1,2,1,3,2,4,2,3,2,2,1,4,3,1,5,2,2,4,5,2,5.6,5.6,2.4,5.6,2.6,66,2.9
36,Female,Native American (or American Indian),32,7,7,6,7,7,7,7,7,7,7,5,6,6,6,1,7,7,6,6,7,7,6,3,5,7,1,1,2,4,1,4,2,3,1,3,4,1,1,1,1,1,2,2,2,2,2,2,1,3,2,3,2,4,1,1,2,5,1,5,5,2,5,5,5,1,6.8,7.0,4.8,6.6,5.6,60,3.6
38,Female,African American (or Black),33,3,4,5,5,5,3,4,4,5,6,6,5,3,4,5,5,6,4,4,4,5,6,4,6,5,4,2,1,3,2,2,4,2,2,4,2,2,3,1,3,2,3,3,2,3,1,4,1,1,3,4,2,3,1,3,3,2,3,4,2,2,1,4,4,2,4.4,4.4,4.6,4.6,5.2,73,2.7
78,Female,Caucasian (or White),34,6,4,4,5,6,3,5,5,7,7,3,1,3,5,1,5,5,4,5,5,2,1,1,2,1,1,1,2,2,1,1,1,2,2,2,1,2,2,1,3,1,1,1,1,2,1,1,2,2,2,2,3,1,1,2,5,5,2,1,5,5,2,5,2,2,5.0,5.4,2.6,4.8,1.4,47,3.4
36,Gender queer/Gender nonconforming,Asian American (or Pacific Islander),35,7,6,7,7,7,6,6,5,5,6,2,6,2,3,7,6,6,5,7,6,4,4,5,3,2,2,1,3,4,1,1,2,1,1,1,1,1,2,1,1,1,2,3,1,1,1,2,2,2,1,1,4,1,1,3,1,5,2,4,5,1,4,5,4,1,6.8,5.6,4.0,6.0,3.6,49,3.2
56,Female,Mixed race or ethnicity,36,7,7,7,7,7,6,6,6,6,7,6,2,5,5,5,7,7,7,7,7,6,3,3,6,5,2,2,4,3,2,4,2,2,2,2,1,2,2,2,1,2,2,1,2,2,1,3,2,4,2,3,2,1,1,3,4,4,2,2,5,4,1,5,5,1,7.0,6.2,4.6,7.0,4.6,64,3.3
37,Female,African American (or Black),37,5,3,2,5,6,2,3,6,3,7,7,6,5,3,2,5,5,7,7,7,4,1,1,2,1,2,1,2,2,1,1,1,2,2,1,1,2,3,2,3,1,1,2,2,1,1,3,2,2,1,1,2,1,1,3,1,2,2,4,5,1,2,4,3,1,4.2,4.2,4.6,6.2,1.8,50,2.5
30,Male,Mixed race or ethnicity,38,2,3,5,5,7,1,2,3,2,6,2,2,3,3,2,5,7,6,5,7,5,1,1,3,5,2,2,1,1,3,3,2,4,4,4,1,2,3,2,2,2,2,3,2,2,2,3,1,1,3,2,3,1,2,3,2,1,5,1,5,1,4,2,5,1,4.4,2.8,2.4,6.0,3.0,68,2.7
48,Male,African American (or Black),39,4,3,5,5,5,2,1,5,6,5,7,6,4,4,5,4,4,5,7,4,4,4,1,5,5,3,3,3,3,1,2,2,2,2,2,1,2,2,3,2,1,2,1,2,2,1,2,2,1,1,1,2,1,2,2,2,4,1,4,4,4,1,4,1,2,4.4,3.8,5.2,4.8,3.8,56,2.7
46,Male,Asian American (or Pacific Islander),40,3,5,6,6,7,6,6,6,6,5,6,6,5,3,6,6,6,3,5,5,3,3,2,3,4,2,2,2,2,1,1,1,2,2,2,1,2,2,1,2,1,2,1,2,2,1,1,1,1,1,2,3,1,1,2,1,5,1,5,5,3,1,5,1,1,5.4,5.8,5.2,5.0,3.0,47,2.8
57,Male,Asian,41,5,5,5,5,5,4,2,5,4,6,3,5,6,4,6,4,5,4,2,2,4,4,2,5,2,2,1,3,2,1,1,2,1,2,1,2,2,1,1,3,1,1,1,1,1,1,1,2,2,1,1,2,2,3,3,2,4,1,5,4,3,2,5,2,3,5.0,4.2,4.8,3.4,3.4,48,3.1
28,Male,Caucasian (or White),42,6,5,4,5,7,5,5,6,6,7,3,5,2,3,5,5,5,1,1,2,3,5,4,4,2,1,1,2,4,1,1,1,1,1,1,1,2,1,1,4,1,1,1,1,2,1,1,2,2,1,1,3,1,4,2,4,5,1,5,3,5,1,5,1,3,5.4,5.8,3.6,2.8,3.6,47,3.3
27,Female,Caucasian (or White),43,6,5,2,4,6,6,4,6,6,6,4,4,2,2,3,2,3,1,1,2,2,2,1,5,2,1,1,3,3,1,1,1,1,1,2,1,2,2,1,3,1,1,1,1,2,1,1,3,1,1,1,1,1,4,1,5,5,1,5,1,5,1,5,1,1,4.6,5.6,3.0,1.8,2.4,45,3.0
45,Male,Caucasian (or White),44,3,5,5,7,6,1,2,5,5,6,7,4,5,5,3,5,5,5,5,3,5,3,1,5,3,2,1,3,3,1,2,2,2,2,1,1,2,2,1,3,1,1,2,1,2,1,2,1,1,1,2,1,1,3,2,5,3,1,4,5,4,1,4,1,2,5.2,3.8,4.8,4.6,3.4,50,3.0
35,Male,Caucasian (or White),45,7,5,5,7,7,3,6,5,6,3,6,6,7,4,6,5,5,2,2,2,3,5,4,3,3,1,1,3,4,1,2,2,1,2,2,1,1,2,1,1,1,2,1,2,2,1,2,1,2,1,2,2,1,2,2,5,5,1,5,5,5,1,5,1,1,6.2,4.6,5.8,3.2,3.6,49,3.4
29,Male,Caucasian (or White),46,7,7,6,7,7,1,6,6,6,1,7,7,7,7,6,6,7,7,7,6,6,6,7,7,6,2,1,2,4,1,1,2,1,1,1,1,1,1,1,1,2,2,1,2,1,1,1,1,1,1,1,2,1,1,1,2,5,1,5,5,5,1,5,1,1,6.8,4.0,6.8,6.6,6.4,40,3.1
27,Male,Asian,47,3,2,2,5,6,1,6,2,5,6,3,5,2,4,3,3,6,3,5,5,6,5,3,4,4,1,2,1,1,1,3,1,2,3,1,3,1,2,1,4,2,2,4,2,1,2,2,3,2,2,4,2,3,4,2,1,2,4,3,5,1,2,5,4,1,3.6,4.0,3.4,4.4,4.4,64,2.8
38,Female,Caucasian (or White),48,5,6,6,7,7,5,5,6,6,5,6,6,5,2,1,6,7,6,5,7,5,4,4,4,3,3,1,2,2,3,4,4,3,4,4,4,2,3,1,2,2,2,2,2,3,3,1,1,4,3,2,1,3,2,2,5,5,3,4,5,4,1,4,1,1,6.2,5.4,4.0,6.2,4.0,75,3.3
28,Female,Caucasian (or White),49,5,5,3,5,6,2,2,6,6,5,5,6,5,5,5,5,5,5,5,6,3,3,2,3,2,2,2,3,3,2,2,2,2,2,3,1,2,4,2,3,2,2,2,3,2,1,2,1,1,2,2,2,1,3,2,1,4,4,4,4,2,2,4,3,2,4.8,4.2,5.2,5.2,2.6,63,3.0
45,Female,Caucasian (or White),50,3,5,4,6,7,3,3,3,5,5,7,7,6,6,5,3,5,3,2,5,4,4,2,5,3,1,2,3,3,2,3,3,2,2,1,2,2,2,2,2,2,2,2,2,2,3,3,2,2,2,3,2,2,3,2,4,4,2,4,5,4,4,5,2,1,5.0,3.8,6.2,3.6,3.6,66,3.5
39,Female,Caucasian (or White),51,7,5,5,7,6,4,4,4,6,2,6,7,7,7,7,5,4,4,6,1,6,2,1,4,4,1,1,2,3,1,1,1,1,1,1,1,2,2,1,2,1,1,1,1,2,1,2,1,1,2,1,3,1,3,2,5,5,2,5,2,5,1,5,2,2,6.0,4.0,6.8,4.0,3.4,44,3.4
37,Male,Caucasian (or White),52,2,5,6,6,6,7,7,7,6,6,2,5,1,3,3,5,6,2,2,3,3,3,2,2,1,1,1,2,2,1,3,1,1,1,1,2,1,2,1,1,1,2,3,1,1,1,1,2,1,1,3,3,2,2,1,1,1,2,4,1,1,5,5,5,2,5.0,6.6,2.8,3.6,2.2,46,2.7
39,Female,Caucasian (or White),53,2,1,1,5,6,6,2,3,3,5,5,4,3,6,5,4,2,3,5,6,2,4,1,4,4,2,2,1,2,2,3,1,2,3,1,4,2,1,3,4,1,2,4,2,2,1,1,2,2,1,3,3,4,1,2,1,2,5,3,1,1,4,3,5,1,3.0,3.8,4.6,4.0,3.0,64,2.6
39,Female,Caucasian (or White),54,5,6,3,3,7,2,3,3,3,3,7,6,6,4,6,6,3,3,2,6,5,4,2,5,4,2,3,3,3,1,2,2,2,2,2,3,1,2,3,2,3,1,1,1,2,1,1,3,3,3,3,3,1,2,2,2,5,1,4,3,4,1,4,4,2,4.8,2.8,5.8,4.0,4.0,63,3.0
43,Male,Caucasian (or White),55,6,3,5,6,7,3,3,3,6,5,6,7,6,6,6,2,5,2,1,2,2,4,2,1,2,1,1,2,2,1,2,1,3,2,3,1,2,2,2,2,3,2,1,2,1,1,1,1,2,2,3,1,1,3,1,3,4,3,5,2,3,4,4,3,2,5.4,4.0,6.2,2.4,2.2,52,3.3
55,Male,Caucasian (or White),56,5,3,3,7,7,3,4,5,5,6,5,5,3,4,3,7,7,5,5,3,5,4,2,2,2,2,1,2,2,1,2,2,2,2,2,2,2,2,2,2,1,1,2,1,2,1,2,2,1,1,2,2,2,2,3,2,4,1,3,3,3,2,4,3,3,5.0,4.6,4.0,5.4,3.0,53,2.8
35,Female,African American (or Black),57,7,4,7,7,7,3,2,5,6,7,7,4,1,3,1,1,2,1,1,1,4,4,1,3,4,1,1,1,1,1,1,1,1,3,3,3,1,1,2,1,2,1,1,2,2,1,2,1,1,3,3,1,2,2,1,1,1,2,2,5,1,3,4,5,1,6.4,4.6,3.2,1.2,3.2,47,2.5
37,Male,Caucasian (or White),58,2,1,1,1,2,3,4,4,4,4,2,3,2,2,5,4,4,5,4,5,1,2,1,6,2,3,3,2,4,3,2,2,3,4,3,3,3,4,2,4,1,3,3,3,3,1,2,3,1,4,2,3,3,3,2,5,3,4,3,2,5,3,3,3,2,1.4,3.8,2.8,4.4,2.4,82,3.3
33,Female,Caucasian (or White),59,3,2,3,6,6,6,6,5,5,6,1,1,2,1,2,6,6,7,5,3,2,1,1,2,2,1,1,2,2,2,3,1,2,3,2,1,2,3,1,4,1,1,3,1,3,1,2,3,1,2,3,4,1,4,4,1,4,4,1,4,2,2,4,5,2,4.0,5.6,1.4,5.4,1.6,64,2.9
30,Male,Caucasian (or White),60,3,3,3,6,6,5,5,3,4,7,2,6,3,7,4,6,7,3,2,4,5,6,2,2,4,3,1,2,1,2,4,2,2,3,2,3,2,4,2,3,1,1,2,2,3,1,2,1,1,1,2,4,1,4,4,1,4,5,4,5,3,4,4,2,1,4.2,4.8,4.4,4.4,3.8,66,3.3
35,Male,African American (or Black),61,5,4,5,7,7,2,2,3,4,4,4,6,3,4,4,4,5,4,5,4,4,2,2,4,2,3,1,1,1,2,1,1,1,2,3,1,1,3,1,3,1,1,1,1,1,1,1,1,1,1,1,4,1,3,4,1,3,4,5,5,1,1,3,1,1,5.6,3.0,4.2,4.4,2.8,48,2.5
38,Male,Caucasian (or White),62,6,6,5,6,6,6,6,6,3,6,3,5,5,3,3,3,6,5,5,3,5,5,3,6,5,3,2,2,3,3,3,2,3,3,2,2,2,2,3,2,2,3,2,2,2,1,2,2,2,2,3,2,2,2,2,2,4,3,4,3,2,4,3,5,2,5.8,5.4,3.8,4.4,4.8,68,3.2
24,Male,Caucasian (or White),63,4,6,5,7,6,5,4,4,2,5,5,5,6,6,6,5,4,6,6,5,7,6,6,5,6,2,3,2,3,4,3,3,3,4,3,3,3,3,2,2,3,3,2,3,4,2,2,2,2,1,3,2,3,2,3,1,4,4,4,3,1,2,2,3,3,5.6,4.0,5.6,5.2,6.0,80,2.7
22,Male,Caucasian (or White),64,5,5,3,4,5,5,2,5,4,6,2,2,5,3,2,3,5,5,5,6,5,3,2,4,3,2,3,2,2,2,2,3,3,2,3,2,2,2,3,2,2,2,2,3,2,1,2,2,3,3,3,3,2,3,3,1,4,5,2,2,2,4,4,4,2,4.4,4.4,2.8,4.8,3.4,71,3.0
25,Male,Caucasian (or White),65,7,6,3,5,6,5,6,5,6,6,5,6,5,3,6,4,4,1,1,1,3,4,2,5,2,1,1,3,4,1,1,2,1,1,1,1,2,1,1,3,1,1,1,1,2,1,1,3,1,1,1,2,1,3,2,5,5,1,5,2,5,1,5,1,1,5.4,5.6,5.0,2.2,3.2,46,3.1
42,Female,Caucasian (or White),66,7,6,4,7,7,4,4,5,4,4,6,4,4,4,4,7,7,6,5,6,5,6,4,7,5,4,4,4,4,1,4,4,2,3,4,2,3,4,4,2,4,4,4,4,3,3,3,1,2,4,4,3,4,2,3,5,4,2,2,4,5,1,3,4,1,6.2,4.2,4.4,6.2,5.4,97,3.1
51,Female,Hispanic American (or Latino),67,5,3,4,6,7,3,2,5,5,6,5,5,5,5,5,3,5,5,3,5,4,2,2,2,3,2,1,2,2,1,1,2,2,2,3,2,2,2,2,2,1,1,1,2,2,1,2,2,2,1,2,2,2,2,2,3,4,4,4,4,5,4,5,2,2,5.0,4.2,5.0,4.2,2.6,53,3.7
30,Male,Asian American (or Pacific Islander),68,3,2,3,3,4,1,1,2,2,3,6,7,6,6,6,1,3,3,2,2,2,2,2,5,4,3,3,3,3,3,1,3,2,2,3,1,3,2,2,2,1,1,1,2,2,1,1,2,1,1,3,2,1,4,3,1,4,5,5,3,4,2,3,2,3,3.0,1.8,6.2,2.2,3.0,62,3.2
41,Female,African American (or Black),69,2,1,6,7,7,1,7,7,3,7,2,7,5,7,7,7,7,7,7,2,1,1,1,6,1,3,3,2,3,1,1,3,1,1,2,1,1,3,2,2,1,1,1,1,2,1,1,1,1,1,1,2,1,2,3,1,5,1,5,5,2,1,5,2,1,4.6,5.0,5.6,6.0,2.0,49,2.8
43,Female,Caucasian (or White),70,5,5,5,5,5,6,4,3,2,6,3,5,3,5,6,6,7,3,4,3,5,5,2,4,4,3,3,2,1,3,3,1,3,3,4,1,3,4,3,2,1,3,2,3,3,1,4,1,3,3,3,3,1,3,4,2,4,4,4,5,2,4,2,4,1,5.0,4.2,4.4,4.6,4.0,77,3.2
34,Female,Caucasian (or White),71,1,1,1,1,4,1,1,1,1,5,3,2,1,4,2,1,1,1,1,1,1,1,1,1,1,3,1,1,1,1,1,3,2,2,2,2,3,2,1,4,1,1,4,1,3,1,2,2,1,1,2,1,2,4,3,1,3,2,2,1,1,3,4,4,2,1.6,1.8,2.4,1.0,1.0,58,2.3
40,Female,African American (or Black),72,6,6,6,6,5,5,3,6,5,3,7,7,7,6,6,5,6,3,6,2,5,6,2,5,4,1,1,2,2,1,3,2,1,2,1,1,1,2,1,1,2,2,1,1,1,1,1,1,1,1,1,2,1,1,3,2,2,1,4,2,3,2,5,2,2,5.8,4.4,6.6,4.4,4.4,42,2.5
48,Male,Caucasian (or White),73,2,2,2,6,5,2,2,5,4,4,6,6,5,3,6,4,5,2,3,3,3,3,4,3,6,1,1,2,3,3,2,1,2,2,1,3,2,3,4,1,3,2,1,3,2,3,3,2,4,4,2,3,4,1,2,2,5,4,3,3,5,4,4,5,3,3.4,3.4,5.2,3.4,3.8,70,3.8
22,Female,Hispanic American (or Latino),74,6,5,6,6,7,4,4,7,7,6,7,6,6,4,6,7,7,4,7,5,2,2,2,1,2,1,2,1,2,1,2,1,1,1,1,1,1,2,2,2,1,1,1,2,1,1,2,2,1,1,2,2,1,1,3,2,3,1,4,3,3,4,5,1,3,6.0,5.6,5.8,6.0,1.8,43,2.9
55,Female,Caucasian (or White),75,2,2,4,5,5,2,4,5,6,5,6,5,5,6,6,2,2,5,5,5,5,3,2,7,1,2,3,1,2,1,2,3,1,2,2,3,2,3,1,3,1,2,1,2,2,1,2,1,3,1,2,4,3,1,4,1,4,2,2,5,1,3,5,4,1,3.6,4.4,5.6,3.8,3.6,61,2.8
67,Female,Caucasian (or White),76,7,7,1,7,7,2,7,7,6,3,7,6,6,6,7,6,6,3,5,4,1,4,4,3,6,2,4,2,4,2,2,2,1,2,4,2,2,1,2,1,3,1,1,2,2,2,1,1,2,2,1,2,1,1,3,2,5,1,3,4,5,2,4,2,1,5.8,5.0,6.4,4.8,3.6,58,2.9
51,Male,Caucasian (or White),77,4,3,5,5,6,7,6,6,6,7,2,4,3,2,2,4,4,6,6,6,3,3,1,4,2,1,1,1,1,3,2,2,2,3,2,2,1,3,1,1,1,1,1,1,2,1,1,3,2,1,3,3,2,1,2,3,2,2,2,5,3,2,5,5,2,4.6,6.4,2.6,5.2,2.6,51,3.1
49,Female,Caucasian (or White),78,1,2,1,3,2,1,1,3,2,3,7,6,6,7,7,2,5,2,3,3,1,4,2,2,1,2,1,1,2,1,1,1,1,2,2,1,2,1,1,4,1,1,2,1,2,1,1,2,1,1,1,3,1,3,3,4,5,1,4,5,2,1,5,1,2,1.8,2.0,6.6,3.0,2.0,47,3.0
33,Female,Hispanic American (or Latino),79,2,5,3,5,5,3,5,3,3,5,6,5,2,3,2,6,6,6,3,5,2,3,5,2,2,2,1,2,1,2,2,3,3,4,3,3,3,4,2,3,3,1,2,2,4,1,2,1,1,2,2,4,3,2,2,1,1,3,4,1,1,3,4,3,1,4.0,3.8,3.6,5.2,2.8,70,2.2
25,Female,Caucasian (or White),80,6,6,4,6,6,5,5,5,6,5,5,5,3,5,4,5,6,2,2,3,5,4,3,6,4,2,1,3,3,1,1,2,1,1,2,1,2,1,1,3,1,1,1,1,2,1,1,3,1,1,1,3,1,3,3,5,5,1,5,4,5,1,5,1,3,5.6,5.2,4.4,3.6,4.4,49,3.5
30,Female,Caucasian (or White),81,7,7,3,4,6,1,1,1,1,1,7,7,7,7,7,1,1,4,7,1,5,6,5,5,3,2,2,4,4,1,1,2,1,1,3,1,2,2,2,4,1,1,1,1,2,1,1,1,1,1,1,3,1,3,2,5,5,2,5,5,5,1,5,1,5,5.4,1.0,7.0,2.8,4.8,53,3.9
27,Female,Caucasian (or White),82,5,3,5,5,5,2,3,2,2,3,5,5,6,5,6,2,5,3,5,3,1,1,2,4,5,2,2,4,4,1,1,3,1,1,1,1,2,2,3,2,1,3,1,1,2,1,1,1,1,1,1,1,1,4,2,5,4,1,5,5,5,1,2,1,2,4.6,2.4,5.4,3.6,2.6,52,3.1
52,Female,Caucasian (or White),83,5,3,3,3,6,5,5,3,3,7,7,5,6,6,4,5,6,3,3,3,6,5,5,2,4,2,1,2,2,1,3,1,3,2,4,2,2,3,2,2,2,2,1,2,2,2,3,1,2,2,2,1,1,2,3,3,5,2,1,2,3,3,4,5,4,4.0,4.6,5.6,4.0,4.4,60,3.2
32,Female,Caucasian (or White),84,4,3,3,5,6,5,5,3,4,7,2,1,3,2,3,3,5,5,5,3,4,2,2,4,2,2,2,2,2,2,3,3,3,3,3,2,3,3,2,3,3,2,3,2,2,3,2,1,3,2,3,2,3,3,3,1,2,3,1,3,2,3,4,5,1,4.2,4.8,2.2,4.2,2.8,75,2.5
52,Female,Caucasian (or White),85,2,5,5,6,5,5,5,5,5,6,5,1,3,3,3,5,6,2,5,2,1,1,2,2,4,2,3,2,1,2,4,3,4,4,4,4,3,4,3,3,3,3,2,2,4,2,1,3,2,1,1,3,4,3,4,1,5,4,1,5,1,1,5,5,3,4.6,5.2,3.0,4.0,2.0,84,3.1
26,Female,Caucasian (or White),86,7,5,2,4,6,6,5,6,5,6,3,5,2,3,3,2,2,1,1,2,5,1,1,3,1,1,1,4,4,1,1,1,1,1,1,1,1,1,1,3,1,1,1,1,1,1,1,2,1,2,1,1,1,3,1,4,5,1,5,1,5,1,5,1,1,4.8,5.6,3.2,1.6,2.2,42,2.9
26,Male,Hispanic American (or Latino),87,3,3,5,5,5,3,3,3,3,6,5,5,3,5,5,2,2,2,2,3,2,2,2,6,2,3,3,3,1,2,4,2,2,3,2,3,3,4,2,2,1,3,2,3,3,1,2,2,2,2,4,4,2,2,3,1,2,4,3,5,1,4,3,4,1,4.2,3.6,4.6,2.2,2.8,75,2.8
34,Male,African American (or Black),88,5,5,4,5,5,4,4,4,3,6,3,4,4,5,5,1,4,1,1,1,3,3,3,6,3,2,1,2,2,1,1,2,1,2,2,1,2,1,1,3,2,1,2,1,2,2,2,2,3,1,1,2,2,2,1,2,3,2,3,3,2,1,4,3,4,4.8,4.2,4.2,1.6,3.6,50,2.7
35,Female,Caucasian (or White),89,5,3,6,4,4,5,6,5,5,3,4,4,3,4,6,5,5,6,7,5,4,6,4,3,5,3,3,3,2,2,4,2,3,2,2,3,2,2,2,2,3,2,2,3,2,2,1,2,3,2,3,3,3,3,2,3,5,2,3,2,4,3,3,3,2,4.4,4.8,4.2,5.6,4.4,73,3.0
45,Male,Caucasian (or White),90,5,4,4,5,5,2,4,5,7,5,7,7,7,7,7,2,4,1,1,2,2,2,1,5,1,2,1,3,2,1,1,2,2,2,1,2,2,1,1,3,1,1,1,1,2,1,2,1,2,1,1,2,2,2,2,2,3,1,5,5,3,1,5,1,4,4.6,4.6,7.0,2.0,2.2,48,3.0
45,Male,Caucasian (or White),91,6,6,7,7,7,1,6,7,7,7,5,5,6,5,1,6,7,6,6,1,6,2,1,4,1,2,2,3,3,1,2,2,2,1,2,1,1,1,1,1,1,2,1,2,1,1,2,1,1,2,2,3,1,1,3,1,4,1,5,5,2,4,5,4,1,6.6,5.6,4.4,5.2,2.8,49,3.2
25,Gender queer/Gender nonconforming,Caucasian (or White),92,6,5,4,5,5,5,3,5,5,6,6,6,3,6,6,5,6,5,6,3,3,5,6,7,7,3,2,3,3,1,2,4,3,3,2,1,2,3,2,2,3,2,1,3,3,1,3,2,2,2,3,3,1,2,3,2,2,3,4,2,1,2,4,3,2,5.0,4.8,5.4,5.0,5.6,70,2.5
46,Female,Caucasian (or White),93,3,6,2,3,5,2,5,5,4,6,3,2,2,3,2,5,6,5,5,5,1,1,1,1,1,2,2,2,3,1,1,2,2,2,2,2,2,2,2,3,1,1,2,1,2,1,2,2,2,2,3,3,1,2,2,1,4,4,2,2,1,1,3,4,5,3.8,4.4,2.4,5.2,1.0,57,2.7
34,Female,African American (or Black),94,7,5,4,7,7,5,6,6,7,6,6,4,7,4,7,5,5,5,4,6,5,2,1,6,7,1,1,2,3,1,1,3,2,1,2,1,3,4,1,2,2,3,1,1,2,2,3,1,2,3,2,2,1,1,2,1,5,1,4,5,5,1,5,2,2,6.0,6.0,5.6,5.0,4.2,56,3.1
36,Female,Asian American (or Pacific Islander),95,4,4,4,5,6,6,6,6,6,7,2,2,1,2,3,5,7,4,4,4,2,1,1,2,2,2,1,2,1,2,2,2,2,2,2,2,2,2,1,2,1,2,2,2,2,1,2,3,2,1,3,3,2,2,3,1,2,3,1,3,1,3,4,5,3,4.6,6.2,2.0,4.8,1.6,58,2.6
61,Female,Caucasian (or White),96,4,3,2,3,4,5,3,3,3,5,4,3,3,3,4,5,5,3,3,5,4,2,2,3,2,2,1,2,2,1,3,2,2,3,1,3,2,2,1,4,1,1,2,2,1,1,1,2,1,1,3,2,3,4,1,1,4,2,3,3,2,3,5,4,2,3.2,3.8,3.4,4.2,2.6,57,2.9
34,Female,Caucasian (or White),97,6,6,3,7,7,3,3,3,5,3,5,6,5,5,5,6,7,2,2,1,2,1,1,3,2,1,1,2,3,1,2,1,1,1,2,1,1,2,1,2,1,2,1,1,1,1,1,2,1,1,2,2,1,1,2,1,5,1,4,5,2,1,5,2,1,5.8,3.4,5.2,3.6,1.8,42,2.7
49,Male,Caucasian (or White),98,6,5,6,6,6,6,4,5,5,6,6,6,6,6,6,5,6,4,2,5,3,3,3,3,4,2,2,3,2,1,2,2,2,2,2,2,2,2,2,2,1,2,1,2,2,1,2,2,1,1,1,2,2,2,2,2,4,1,5,4,4,1,5,4,1,5.8,5.2,6.0,4.4,3.2,54,3.1
43,Female,African American (or Black),99,5,5,5,5,6,4,4,5,4,5,4,4,6,5,4,5,5,5,5,5,5,4,2,5,3,2,1,3,2,1,2,2,1,2,3,2,2,4,1,2,2,2,1,2,2,3,2,1,2,2,2,1,2,3,3,1,4,3,4,5,1,3,4,4,1,5.2,4.4,4.6,5.0,3.8,60,3.0
41,Female,Caucasian (or White),100,7,6,1,6,7,1,1,1,1,1,7,7,7,7,4,1,6,6,7,1,5,7,1,2,4,4,1,1,1,1,1,4,1,1,1,1,3,2,1,4,1,1,1,1,2,1,1,1,1,1,1,1,1,2,1,5,1,1,5,5,4,1,4,1,1,5.4,1.0,6.4,4.2,3.8,44,2.8
39,Female,Caucasian (or White),101,6,1,4,5,5,1,1,5,6,7,7,7,7,4,4,6,6,7,7,7,1,1,1,1,4,2,2,2,3,1,3,2,1,2,3,1,2,3,1,3,1,2,1,2,2,1,3,2,1,3,3,3,1,2,3,5,4,1,3,2,5,1,5,2,2,4.2,4.0,5.8,6.6,1.6,61,3.0
50,Female,Caucasian (or White),102,6,4,3,5,6,2,1,1,1,1,7,7,7,7,7,3,4,3,1,1,1,6,4,4,5,2,1,1,4,1,1,1,1,1,1,1,2,3,1,4,1,1,1,1,2,1,1,1,1,1,1,1,1,4,1,5,1,1,4,5,5,1,4,1,3,4.8,1.2,7.0,2.4,4.0,44,3.0
21,Male,Hispanic American (or Latino),103,5,6,6,5,7,7,5,7,7,5,5,4,2,4,2,6,3,5,6,6,6,2,2,6,4,2,1,3,1,1,2,4,2,2,2,2,2,4,1,2,1,1,2,1,4,1,2,1,1,2,3,3,4,2,2,2,4,4,5,2,3,4,5,4,2,5.8,6.2,3.4,5.2,4.0,61,3.5
20,Female,African American (or Black),104,5,7,6,7,7,7,5,2,2,6,2,1,6,1,1,5,7,6,7,6,6,6,2,1,7,1,3,3,2,1,4,2,1,2,2,1,1,3,3,2,3,4,3,2,2,2,3,2,3,2,4,2,2,2,3,3,1,3,5,3,4,2,3,4,2,6.4,4.4,2.2,6.2,4.4,70,3.0
36,Female,Caucasian (or White),105,4,2,4,5,5,2,2,4,5,5,3,3,3,2,5,3,5,5,5,5,1,1,1,2,1,2,2,2,2,2,3,3,2,3,3,2,2,2,2,3,2,2,2,1,3,1,2,2,2,3,3,2,2,3,3,3,4,4,1,3,4,4,4,5,2,4.0,3.6,3.2,4.6,1.2,68,3.4
35,Female,Caucasian (or White),106,5,3,5,6,6,5,6,5,6,7,3,4,3,2,3,5,6,3,3,3,2,1,1,1,1,1,1,3,2,1,2,1,2,2,2,1,1,1,1,3,1,1,1,1,1,2,2,2,1,2,2,2,1,3,3,2,2,1,4,4,3,4,5,3,2,5.0,5.8,3.0,4.0,1.2,49,3.0
20,Male,Caucasian (or White),107,7,7,3,6,3,1,5,7,7,7,7,4,2,5,3,4,1,1,3,4,1,5,1,3,3,2,2,3,1,1,2,2,2,2,2,1,2,4,2,2,3,1,3,1,3,3,2,1,1,1,1,3,3,2,2,2,5,4,5,1,5,3,5,4,1,5.2,5.4,4.2,2.6,2.6,60,3.5
34,Female,Hispanic American (or Latino),108,7,4,4,4,5,4,4,5,3,7,1,2,1,3,3,6,7,6,5,7,6,2,1,4,2,1,1,1,1,1,3,1,2,3,1,2,2,1,1,4,1,1,4,1,2,2,2,1,2,1,3,3,2,1,3,2,3,4,2,5,3,4,3,5,1,4.8,4.6,2.0,6.2,3.0,54,3.2
23,Gender queer/Gender nonconforming,Caucasian (or White),109,5,4,5,5,6,3,4,7,6,6,5,6,5,5,1,6,7,7,6,6,5,3,3,3,3,3,3,3,3,2,2,2,2,4,3,3,3,2,4,2,1,2,3,3,3,1,3,1,4,2,3,1,3,1,2,2,4,2,1,5,4,2,5,4,1,5.0,5.2,4.4,6.4,3.4,74,3.0
22,Female,Hispanic,110,5,2,2,4,4,3,2,4,2,5,1,1,2,3,1,5,3,6,6,7,2,2,3,4,3,2,1,3,2,1,2,1,1,2,2,1,2,2,1,3,1,1,1,1,2,1,2,2,1,2,1,1,1,3,3,2,4,3,2,2,2,4,3,5,2,3.4,3.2,1.6,5.4,2.8,49,2.9
28,Male,Caucasian (or White),111,6,5,5,6,7,3,4,5,4,5,4,4,4,3,3,7,5,5,5,6,4,5,2,5,4,2,3,3,3,3,2,2,2,2,1,2,2,2,3,2,2,2,2,3,2,2,2,2,3,1,4,3,2,3,2,3,4,1,3,4,4,4,5,4,1,5.8,4.2,3.6,5.6,4.0,69,3.3
22,Female,Asian American (or Pacific Islander),112,5,4,2,4,4,2,2,5,3,2,3,2,2,2,2,4,4,4,5,3,2,1,2,2,2,2,2,2,2,2,2,1,1,2,2,2,3,2,2,4,2,2,3,1,3,1,2,2,2,2,2,3,1,2,3,1,4,3,4,2,2,3,3,4,4,3.8,2.8,2.2,4.0,1.8,62,3.0
31,Female,Caucasian (or White),113,2,2,4,5,5,5,4,5,5,5,3,2,2,2,3,5,5,5,5,5,1,2,1,3,2,2,2,2,2,2,4,1,3,2,1,3,2,3,2,3,1,2,3,2,2,2,2,1,4,2,2,2,4,2,3,3,4,4,2,4,3,3,4,4,1,3.6,4.8,2.4,5.0,1.8,68,3.2
58,Female,Caucasian (or White),114,7,5,1,6,7,5,1,1,1,5,7,7,7,7,7,5,2,1,1,7,1,6,4,7,4,1,1,1,1,1,1,4,2,1,3,1,1,4,1,4,1,1,1,1,1,1,1,1,1,1,1,1,1,4,1,5,4,1,5,5,5,1,5,1,1,5.2,2.6,7.0,3.2,4.4,45,3.3
49,Male,Caucasian (or White),115,4,4,4,4,4,4,6,7,7,5,4,5,3,4,3,2,4,1,2,4,4,2,1,1,4,2,1,2,2,1,1,1,1,1,1,1,1,1,1,3,1,1,4,1,1,1,1,1,1,2,1,3,2,4,4,1,4,2,5,4,3,2,5,1,1,4.0,5.8,3.8,2.6,2.4,48,2.8
22,Gender queer/Gender nonconforming,Caucasian (or White),116,5,4,6,5,3,5,7,5,6,6,6,3,4,3,2,6,6,7,7,7,2,2,1,3,3,3,4,4,3,2,3,4,3,3,3,3,3,3,4,2,1,4,1,3,3,2,3,2,3,3,1,1,3,1,2,5,4,4,5,1,5,4,3,4,2,4.6,5.8,3.6,6.6,2.2,80,3.7
37,Female,Caucasian (or White),117,5,5,5,5,6,2,6,5,6,3,7,5,6,7,7,3,6,1,1,6,1,1,2,1,4,2,1,1,2,1,2,2,2,2,2,1,2,2,1,2,1,1,1,1,2,1,1,2,1,1,2,1,1,2,2,1,5,1,4,3,1,3,4,1,1,5.2,4.4,6.4,3.4,1.8,45,2.4
28,Female,Caucasian (or White),118,7,6,5,6,7,5,5,6,6,7,2,3,3,2,4,2,6,7,7,7,2,3,3,5,1,1,4,1,2,2,4,3,4,3,4,3,2,3,4,1,1,4,3,4,2,1,3,3,2,4,3,3,4,1,3,2,2,4,2,5,2,5,5,5,1,6.2,5.8,2.8,5.8,2.8,82,3.3
33,Male,Caucasian (or White),119,7,5,6,6,5,3,1,1,1,3,7,7,7,7,3,1,1,1,3,1,6,7,5,4,4,1,1,1,3,1,1,3,1,1,1,1,1,4,1,3,1,1,1,1,1,1,1,1,1,1,1,2,1,2,1,5,1,1,4,5,5,1,5,1,2,5.8,1.8,6.2,1.4,5.2,41,3.0
41,Female,Caucasian (or White),120,5,3,4,6,6,1,3,3,5,5,5,6,5,5,2,6,7,5,5,2,2,2,4,4,3,2,1,3,1,1,2,2,2,1,3,2,2,4,2,2,1,1,2,1,2,1,1,3,2,2,3,2,1,2,2,1,3,2,3,5,2,2,3,5,1,4.8,3.4,4.6,5.0,3.0,56,2.7
30,Female,African American (or Black),121,4,4,4,5,7,3,3,3,3,6,3,3,3,3,3,3,4,3,5,5,2,1,1,4,2,2,1,2,1,1,2,2,3,2,3,1,2,4,1,4,1,2,2,1,2,1,2,2,1,2,2,4,1,3,4,2,1,3,2,5,1,3,4,4,1,4.8,3.6,3.0,4.0,2.0,61,2.6
51,Male,Caucasian (or White),122,6,5,5,6,6,1,3,5,5,3,7,6,6,6,6,3,5,5,5,5,6,5,3,6,3,2,1,3,2,1,1,3,2,2,2,1,2,2,1,2,1,1,2,1,2,1,2,1,2,1,2,3,1,2,3,2,5,2,5,5,4,2,4,1,2,5.6,3.4,6.2,4.6,4.6,52,3.2
33,Female,African American (or Black),123,5,4,3,3,5,3,4,5,5,5,3,5,6,4,6,3,3,2,3,3,4,4,2,3,4,2,1,2,2,1,2,1,1,2,3,1,2,2,2,3,1,2,1,2,2,1,1,2,2,1,2,3,1,1,3,2,4,2,4,2,4,1,4,3,1,4.0,4.4,4.8,2.8,3.4,52,2.7
30,Male,Asian American (or Pacific Islander),124,4,3,4,3,3,4,4,3,3,4,4,5,5,5,5,2,3,3,3,3,2,4,3,4,2,3,2,2,1,2,2,3,3,3,1,2,2,2,2,2,1,2,2,2,2,1,1,2,1,1,2,2,2,2,2,1,2,3,3,3,2,4,3,4,3,3.4,3.6,4.8,2.8,3.0,57,2.8
51,Male,Caucasian (or White),125,3,5,3,5,7,2,4,4,2,7,2,2,2,2,2,2,6,4,3,5,3,2,1,2,1,3,2,1,2,3,1,2,2,4,1,3,4,4,1,3,2,1,3,1,3,1,1,3,1,1,3,3,3,2,3,1,4,5,4,1,2,3,2,5,4,4.6,3.8,2.0,4.0,1.8,67,3.1
53,Male,Others,126,5,7,5,7,6,3,3,4,3,3,5,4,6,4,6,5,3,4,4,2,5,5,4,5,6,3,3,2,2,1,3,3,3,2,3,2,3,4,2,2,2,2,2,2,3,2,2,1,2,2,2,3,2,2,3,4,5,4,3,5,4,3,3,3,1,6.0,3.2,5.0,3.6,5.0,70,3.5
50,Male,Caucasian (or White),127,5,5,6,6,7,4,3,3,5,4,6,6,7,4,6,2,5,3,4,5,3,2,1,4,2,2,1,2,1,1,1,2,1,2,1,1,2,2,1,1,1,1,1,1,2,1,1,1,1,1,2,1,1,2,2,1,4,2,3,4,1,1,4,1,1,5.8,3.8,5.8,3.8,2.4,40,2.2
32,Male,Caucasian (or White),128,4,5,5,3,3,5,4,4,6,6,2,5,4,4,3,5,5,6,6,6,4,4,2,3,2,3,2,2,1,2,2,4,3,4,4,3,3,2,2,2,1,2,3,2,3,1,2,2,2,1,2,3,3,3,3,2,2,2,3,3,2,4,4,3,3,4.0,5.0,3.6,5.6,3.0,72,2.8
37,Male,Caucasian (or White),129,5,5,4,6,6,5,6,6,6,3,3,5,3,4,2,5,6,3,3,3,4,2,2,5,2,2,1,2,2,1,2,2,3,3,4,1,2,4,1,2,1,1,1,1,2,2,2,2,1,1,2,2,1,2,3,1,4,3,2,5,1,2,4,4,1,5.2,5.2,3.4,4.0,3.0,56,2.7
22,Male,Hispanic American (or Latino),130,4,2,3,3,5,3,2,4,4,3,6,5,4,6,4,5,6,5,5,5,3,4,2,3,4,3,3,2,2,3,2,2,3,2,3,1,3,2,2,2,1,1,2,1,3,1,1,1,1,1,1,1,1,3,3,2,4,3,3,4,1,3,3,2,4,3.4,3.2,5.0,5.2,3.2,57,2.9
30,Male,Hispanic American (or Latino),131,6,6,6,7,6,5,5,7,6,6,6,2,3,2,6,5,7,6,5,3,6,6,7,5,6,1,1,3,3,1,4,1,1,1,1,2,1,1,1,1,2,2,2,2,1,1,1,1,2,1,1,3,2,2,1,3,3,2,4,5,4,5,5,3,1,6.2,5.8,3.8,5.2,6.0,47,3.5
38,Female,Caucasian (or White),132,4,4,5,7,7,4,6,4,4,7,6,4,6,6,6,7,7,6,7,7,6,5,5,7,4,3,3,3,1,3,2,4,3,3,3,2,3,3,3,2,1,3,2,3,3,2,3,2,2,2,3,4,2,2,3,4,1,3,1,5,4,4,3,5,1,5.4,5.0,5.6,6.8,5.4,78,3.1
49,Male,Caucasian (or White),133,7,7,7,7,7,5,6,7,7,6,6,6,5,6,3,7,7,6,5,5,7,7,6,5,6,3,2,2,3,2,3,3,3,3,3,1,3,3,2,2,2,2,2,2,2,2,2,1,1,2,3,1,1,3,2,4,5,1,4,4,4,1,4,2,2,7.0,6.2,5.2,6.0,6.2,66,3.1
33,Male,African American (or Black),134,6,7,4,4,7,2,4,5,6,4,6,4,6,5,6,5,5,2,3,2,6,3,2,4,3,1,1,3,3,2,1,1,1,1,1,1,2,2,1,2,1,1,1,1,1,1,1,1,3,1,1,3,1,1,3,2,4,1,4,3,4,2,4,1,2,5.6,4.2,5.4,3.4,3.6,44,2.7
33,Male,Caucasian (or White),135,7,6,5,6,6,4,4,4,5,3,7,6,6,7,6,5,6,5,5,5,5,5,4,6,5,3,1,2,3,1,1,3,1,1,2,1,2,2,1,1,2,2,2,2,2,2,2,2,3,2,2,2,1,2,2,2,4,2,5,4,4,1,4,2,1,6.0,4.0,6.4,5.2,5.0,55,2.9
58,Male,Caucasian (or White),136,4,4,4,5,5,5,4,5,5,5,4,3,2,5,3,5,5,6,5,6,2,2,1,4,2,3,2,2,3,1,4,2,4,3,4,2,3,3,2,3,1,3,3,3,3,1,3,2,1,3,3,3,2,4,3,3,5,1,1,5,2,3,4,5,1,4.4,4.8,3.4,5.4,2.2,79,3.0
30,Male,Asian American (or Pacific Islander),137,7,6,6,5,6,3,3,6,7,6,6,6,3,4,4,6,5,5,5,3,5,6,4,5,5,2,1,2,3,1,2,1,2,2,3,1,2,1,2,2,1,1,2,2,1,1,2,1,1,2,2,3,1,2,1,4,5,2,3,4,5,2,4,2,1,6.0,5.0,4.6,4.8,5.0,50,3.2
21,Female,Caucasian (or White),138,5,5,5,6,6,5,5,5,6,5,5,5,5,3,5,5,6,6,5,6,5,5,3,5,3,2,2,2,3,2,2,2,2,2,2,2,2,2,2,2,1,2,2,2,2,1,2,2,2,1,2,3,2,1,2,2,5,2,4,5,4,2,4,4,1,5.4,5.2,4.6,5.6,4.2,58,3.3
42,Male,Caucasian (or White),139,6,6,2,6,6,3,2,3,3,3,7,7,5,7,6,3,5,3,3,4,3,5,3,3,1,2,1,3,3,2,1,3,1,1,1,1,2,2,1,3,1,2,1,2,2,1,2,1,2,1,2,3,1,2,3,1,4,2,5,5,1,1,4,1,2,5.2,2.8,6.4,3.6,3.0,53,2.6
36,Male,Asian American (or Pacific Islander),140,7,5,4,4,7,2,7,5,5,7,7,7,3,3,7,7,7,6,7,7,1,7,4,4,4,2,2,2,4,1,2,2,2,3,4,3,1,4,3,3,2,2,1,2,3,2,1,2,2,1,1,2,2,4,3,2,5,5,5,2,5,5,5,5,2,5.4,5.2,5.4,6.8,4.0,68,4.1
34,Male,Caucasian (or White),141,5,6,7,7,7,6,6,7,7,7,5,5,4,3,2,2,3,1,1,3,2,1,2,3,1,1,1,2,1,1,2,1,1,1,1,2,1,1,2,1,1,1,1,1,1,1,1,3,1,1,2,3,3,1,3,1,1,4,3,2,1,3,5,4,2,6.4,6.6,3.8,2.0,1.8,43,2.6
33,Gender queer/Gender nonconforming,Caucasian (or White),142,5,4,5,6,6,5,3,3,5,5,6,4,3,5,3,3,4,3,3,2,2,2,2,5,3,3,1,2,2,3,2,4,3,3,2,1,2,4,2,2,3,2,1,2,3,2,2,2,3,3,3,2,2,2,3,1,3,4,3,5,1,3,3,5,1,5.2,4.2,4.2,3.0,2.8,71,2.9
31,Male,Hispanic American (or Latino),143,1,1,1,2,2,1,2,3,1,6,6,5,3,4,5,1,1,3,3,6,1,1,1,1,1,2,2,2,2,2,3,1,3,3,2,1,3,3,2,4,2,1,3,1,3,1,2,2,1,1,4,3,1,3,3,1,5,4,4,1,1,3,4,4,2,1.4,2.6,4.6,2.8,1.0,66,2.9
38,Male,African American (or Black),144,5,4,5,4,5,2,7,4,3,7,3,6,1,2,3,6,7,2,6,2,1,1,2,1,1,2,1,2,4,1,4,2,3,3,1,4,1,1,1,3,1,1,3,1,1,2,1,2,1,2,4,4,4,3,1,1,1,4,5,4,1,1,4,2,2,4.6,4.6,3.0,4.6,1.2,64,2.5
35,Female,African American (or Black),145,5,7,6,7,7,2,5,6,5,6,4,1,3,4,1,5,7,4,6,5,5,1,1,1,1,2,2,2,4,1,3,4,3,2,3,2,2,2,2,2,2,2,2,2,3,2,3,1,3,2,2,2,2,3,1,2,5,2,4,5,3,1,4,2,1,6.4,4.8,2.6,5.4,1.8,68,2.9
38,Male,Caucasian (or White),146,6,4,5,4,6,3,4,5,5,7,6,5,5,3,3,1,5,2,4,3,5,5,5,6,5,2,2,3,3,1,2,2,2,2,1,4,2,1,3,2,1,2,3,2,2,1,1,1,2,1,2,2,4,3,1,2,4,4,5,2,2,4,5,4,3,5.0,4.8,4.4,3.0,5.2,60,3.5
35,Male,African American (or Black),147,7,7,5,4,6,2,2,6,6,5,6,6,6,5,4,5,5,4,7,5,6,5,2,4,3,2,3,3,2,1,2,2,1,1,1,1,1,1,4,2,1,1,1,2,1,1,2,1,1,1,2,2,3,1,2,5,4,1,2,2,4,2,4,4,2,5.8,4.2,5.4,5.2,4.0,49,3.0
57,Male,Caucasian (or White),148,6,6,5,5,6,6,3,6,7,5,6,7,6,6,5,5,6,2,3,5,6,2,2,6,4,1,2,3,2,1,2,1,2,3,2,1,1,1,1,2,1,1,2,2,1,1,2,1,1,1,2,2,1,3,2,2,4,2,4,4,4,2,5,2,2,5.6,5.4,6.0,4.2,4.0,48,3.1
53,Gender queer/Gender nonconforming,Caucasian (or White),149,3,3,4,6,7,5,4,2,3,7,3,3,3,3,2,7,7,4,6,6,2,3,2,4,3,3,2,3,1,4,3,2,2,4,3,4,2,2,2,3,1,2,4,2,3,1,1,3,2,4,4,3,4,2,3,1,4,4,1,5,3,3,4,5,1,4.6,4.2,2.8,6.0,2.8,79,3.1
49,Male,African American (or Black),150,7,7,5,7,7,5,6,6,7,6,6,6,6,6,2,6,6,2,7,2,5,4,4,4,6,1,1,3,4,1,2,2,1,1,2,1,2,1,1,2,1,3,1,3,1,1,1,2,1,1,1,2,1,1,1,1,5,1,5,1,5,1,5,1,1,6.6,6.0,5.2,4.6,4.6,46,2.6
25,Female,Hispanic American (or Latino),151,6,5,5,5,6,3,3,6,4,6,5,5,6,6,4,6,7,2,2,4,2,3,2,6,3,3,2,2,3,2,2,3,2,3,2,2,2,2,2,1,2,2,2,2,3,1,2,1,2,2,2,3,2,2,3,5,5,3,1,1,4,2,4,4,2,5.4,4.4,5.2,4.2,3.2,64,3.1
50,Male,Hispanic American (or Latino),152,6,6,6,5,7,6,5,7,7,7,2,2,5,1,1,2,7,1,1,2,7,5,5,2,1,1,1,1,3,1,2,1,1,1,1,1,1,1,1,2,1,1,1,1,2,1,1,1,1,1,1,1,1,2,1,2,1,1,5,4,5,1,5,1,1,6.0,6.4,2.2,2.6,4.0,36,2.6
55,Female,Caucasian (or White),153,5,6,6,7,7,6,5,6,5,6,4,3,5,3,1,6,6,6,5,6,5,2,2,2,2,1,1,2,2,2,3,1,1,2,1,1,2,2,2,1,2,2,1,2,2,1,2,3,2,1,2,1,1,1,2,2,2,3,2,5,4,4,4,4,1,6.2,5.6,3.2,5.8,2.6,49,3.1
60,Male,Caucasian (or White),154,5,5,4,7,6,7,6,6,5,7,3,5,7,3,2,4,4,1,1,1,3,3,7,4,4,2,1,2,3,2,2,2,2,2,1,2,2,1,2,3,1,2,2,2,1,1,2,2,2,1,2,1,2,2,1,1,5,2,4,4,5,1,5,1,2,5.4,6.2,4.0,2.2,4.2,53,3.0
69,Female,Caucasian (or White),155,5,5,4,5,7,2,2,5,5,5,4,6,3,1,5,4,5,4,5,2,4,1,1,1,1,2,1,2,3,1,1,1,1,1,2,2,1,1,1,3,1,2,2,2,1,1,2,2,1,2,2,2,2,2,2,2,3,2,4,5,3,1,5,1,3,5.2,3.8,3.8,4.0,1.6,49,2.9
22,Female,Caucasian (or White),156,5,6,5,6,6,3,3,5,5,3,6,6,6,5,6,7,7,5,6,3,3,2,3,3,4,2,1,2,2,1,3,2,2,3,2,2,1,2,1,2,2,1,2,1,2,1,2,3,3,1,2,2,2,2,3,1,4,2,2,1,3,2,4,4,2,5.6,3.8,5.8,5.6,3.0,57,2.5
59,Female,Caucasian (or White),157,5,3,3,3,5,3,5,5,5,3,6,5,5,6,5,3,3,2,5,3,5,3,2,3,2,2,2,3,2,1,1,2,3,2,2,2,2,2,2,2,1,1,2,2,2,1,2,1,2,1,1,2,2,2,3,3,5,1,4,2,4,2,4,2,3,3.8,4.2,5.4,3.2,3.0,55,3.0
21,Male,Caucasian (or White),158,5,3,5,5,5,3,5,5,5,6,3,2,3,3,2,7,5,6,5,7,5,4,6,3,6,2,2,2,2,1,2,2,3,3,2,2,2,3,2,2,4,4,4,3,2,3,3,4,3,2,3,3,2,1,2,2,3,3,4,2,4,3,5,5,2,4.6,4.8,2.6,6.0,4.8,75,3.3
21,Male,Caucasian (or White),159,4,4,5,5,7,5,3,6,5,7,3,6,3,2,2,6,7,5,6,6,5,4,2,2,3,1,2,3,1,2,2,1,2,1,2,1,1,2,2,2,2,2,3,2,2,1,2,3,2,1,3,2,2,3,1,1,4,2,4,1,4,4,5,4,1,5.0,5.2,3.2,6.0,3.2,56,3.0
43,Male,Caucasian (or White),160,6,6,6,7,7,1,3,5,7,3,7,7,7,6,7,5,6,3,5,5,7,5,6,3,5,1,1,3,4,1,1,1,1,1,1,2,1,1,1,2,1,1,1,2,1,1,1,1,2,1,1,3,2,2,2,5,5,1,5,5,5,1,5,1,1,6.4,3.8,6.8,4.8,5.2,44,3.4
36,Male,Caucasian (or White),161,5,6,7,7,7,5,6,6,6,7,3,3,3,3,1,5,5,4,4,5,5,2,2,5,2,1,4,2,3,3,1,2,1,2,4,4,1,3,1,4,3,2,3,4,3,2,4,3,2,3,1,4,3,1,3,1,4,3,1,3,1,3,1,1,4,6.4,6.0,2.6,4.6,3.2,77,2.2
33,Female,Caucasian (or White),162,5,5,5,5,6,5,5,4,5,6,3,2,4,3,3,5,6,5,4,5,5,4,1,6,2,1,2,2,3,1,3,1,2,3,2,1,2,2,1,3,1,1,2,2,3,1,1,3,1,1,1,3,2,3,2,4,4,1,1,5,4,1,4,5,1,5.2,5.0,3.0,5.0,3.6,56,3.0
61,Male,Caucasian (or White),163,7,5,1,7,7,1,1,1,1,1,7,7,7,7,7,1,6,4,1,7,4,5,1,2,7,1,1,1,1,1,1,4,1,1,2,1,2,4,1,1,1,1,1,1,1,1,1,1,1,1,1,2,1,4,2,5,3,1,5,5,5,1,4,1,1,5.4,1.0,7.0,3.8,3.8,43,3.1
66,Male,Caucasian (or White),164,7,7,4,6,7,2,5,6,3,2,6,7,7,7,7,5,3,3,6,3,6,2,3,3,4,2,2,3,1,1,1,1,1,2,1,1,2,3,2,2,2,1,2,1,1,2,2,3,2,1,2,1,1,3,2,3,5,1,5,3,4,1,5,1,4,6.2,3.6,6.8,4.0,3.6,51,3.2
73,Male,Caucasian (or White),165,7,7,5,5,6,1,6,1,1,2,7,7,7,7,6,5,1,4,1,1,7,6,1,7,3,3,1,1,1,1,1,4,1,1,2,1,1,2,1,2,1,1,1,1,1,1,1,1,1,1,1,2,1,4,1,5,1,1,5,4,5,2,5,1,1,6.0,2.2,6.8,2.4,4.8,42,3.0
42,Female,Caucasian (or White),166,6,5,5,7,7,5,5,6,7,6,5,7,5,7,6,3,5,3,3,3,5,3,3,3,3,2,2,1,3,1,2,2,2,2,2,2,1,2,1,2,2,2,1,2,2,1,3,1,2,1,3,2,1,2,2,5,1,4,4,5,5,4,5,2,1,6.0,5.8,6.0,3.4,3.4,54,3.6
59,Female,Caucasian (or White),167,5,5,4,5,6,5,4,2,6,5,3,4,5,5,3,5,3,3,3,5,5,3,2,5,3,2,1,2,2,1,1,1,2,3,3,3,2,1,4,2,2,3,3,3,2,3,4,2,2,3,3,3,2,3,2,4,5,1,1,1,4,4,3,4,4,5.0,4.4,4.0,3.8,3.6,70,3.1
59,Male,Caucasian (or White),168,3,1,6,4,5,6,6,6,6,6,2,3,2,4,2,4,6,3,2,2,2,1,1,2,1,1,1,1,1,2,2,2,2,2,2,2,1,1,2,1,2,2,2,2,1,2,2,4,1,1,2,2,2,3,2,1,1,4,4,3,1,4,5,4,2,3.8,6.0,2.6,3.4,1.4,53,2.9
24,Male,Asian American (or Pacific Islander),169,2,4,4,3,6,2,3,3,6,3,6,7,6,5,4,7,3,5,3,4,4,5,4,3,3,2,2,3,3,1,2,2,2,2,1,1,2,2,1,2,2,1,1,1,2,1,1,1,1,1,1,3,1,2,3,2,4,1,4,3,3,4,4,2,2,3.8,3.4,5.6,4.4,3.8,50,2.9
51,Female,African American (or Black),170,6,6,5,5,5,1,5,3,6,3,7,6,6,3,6,6,4,1,1,1,6,3,2,5,4,2,1,1,3,1,1,3,2,2,2,1,2,2,1,2,1,1,1,1,2,1,2,1,3,1,1,3,2,2,2,2,4,1,4,4,2,1,4,1,3,5.4,3.6,5.6,2.6,4.0,50,2.6
34,Would prefer not to answer,Caucasian (or White),171,5,6,6,6,7,7,6,6,6,6,3,3,5,2,5,7,7,6,7,5,2,2,2,4,6,2,2,1,2,2,4,2,2,2,2,2,2,2,3,1,2,2,1,2,2,2,1,1,2,1,3,2,2,1,1,3,2,4,1,5,4,4,5,5,1,6.0,6.2,3.6,6.4,3.2,56,3.4
58,Female,African American (or Black),172,3,4,5,5,6,3,3,3,3,6,6,5,6,4,3,5,6,2,2,5,5,3,2,3,4,3,2,3,2,1,3,3,2,3,3,1,2,4,1,1,3,2,1,2,2,3,2,3,1,1,2,3,2,2,3,2,2,4,4,4,4,4,4,2,2,4.6,3.6,4.8,4.0,3.4,66,3.2
49,Female,African American (or Black),173,5,4,6,3,6,3,2,5,3,7,7,4,6,2,7,4,3,1,4,3,4,2,1,3,4,1,2,3,3,2,2,3,1,2,3,1,1,4,2,2,1,1,3,2,2,1,2,1,2,2,1,2,1,1,3,3,5,2,3,5,4,2,4,3,2,4.8,4.0,5.2,3.0,2.8,57,3.3
31,Gender queer/Gender nonconforming,Caucasian (or White),174,6,5,6,7,7,5,5,6,7,6,6,6,3,6,6,4,4,4,5,4,4,3,2,5,1,2,2,3,2,1,2,1,1,2,2,2,2,2,2,1,3,2,2,2,2,2,2,3,2,1,3,2,2,2,2,2,2,1,3,4,3,4,5,2,2,6.2,5.8,5.4,4.2,3.0,59,2.8
34,Female,Caucasian (or White),175,5,4,3,4,5,5,3,5,4,3,2,2,2,3,3,5,3,4,5,6,2,2,2,3,2,1,2,1,3,2,4,2,2,4,3,3,2,3,2,3,1,2,2,2,2,1,3,2,2,1,2,3,3,1,3,2,5,4,2,5,2,2,4,4,1,4.2,4.0,2.4,4.6,2.2,67,3.1
33,Female,Asian,176,5,3,5,4,5,3,3,6,4,5,3,6,4,4,5,5,3,4,4,5,4,5,4,3,3,2,2,3,2,2,3,2,3,3,2,3,2,2,2,2,1,2,2,2,3,1,2,2,3,2,3,3,3,2,3,2,4,4,4,3,2,3,3,4,2,4.4,4.2,4.4,4.2,3.8,69,3.1
41,Male,Caucasian (or White),177,6,3,6,4,5,5,3,5,3,6,4,5,4,3,5,5,6,3,4,5,5,6,4,5,5,3,3,2,2,1,3,2,3,3,2,2,3,2,3,2,2,3,3,3,2,2,3,3,3,2,2,3,3,3,2,3,3,2,4,2,4,2,3,2,3,4.8,4.4,4.2,4.6,5.0,75,2.8
22,Female,Caucasian (or White),178,5,5,5,6,6,3,2,5,3,6,6,5,2,3,5,5,6,6,6,6,3,3,2,5,2,2,3,2,4,2,2,1,2,3,2,1,2,2,2,2,2,2,2,2,2,1,2,2,2,1,2,3,1,2,3,2,4,3,4,3,2,3,4,4,3,5.4,3.8,4.2,5.8,3.0,61,3.2
42,Female,Caucasian (or White),179,7,5,6,7,7,5,6,5,3,7,7,4,3,5,4,5,6,5,5,3,5,3,2,5,5,1,3,3,3,1,2,2,2,1,2,1,1,2,2,2,1,2,2,2,2,2,3,1,2,2,2,2,2,1,2,4,4,4,4,5,3,2,5,3,2,6.4,5.2,4.6,4.8,4.0,56,3.6
32,Male,African American (or Black),180,7,7,5,7,4,6,5,2,7,6,6,6,7,4,2,7,7,6,6,6,7,6,6,7,6,1,4,4,4,1,4,1,1,2,2,3,2,1,4,1,4,3,3,4,2,1,1,1,1,1,1,1,1,1,1,1,5,1,5,1,5,5,5,5,1,6.0,5.2,5.0,6.4,6.4,61,3.4
48,Female,Caucasian (or White),181,7,6,7,7,7,5,5,5,5,7,6,5,6,5,5,4,7,6,6,7,5,5,7,5,3,2,1,3,2,1,3,1,2,2,1,2,1,2,2,3,1,1,1,2,2,1,1,2,2,1,3,2,1,3,2,1,5,4,2,3,2,2,4,5,3,6.8,5.4,5.4,6.0,5.0,53,3.1
54,Female,Caucasian (or White),182,3,2,1,3,5,3,2,4,6,5,5,7,7,5,7,1,1,2,3,3,2,4,1,4,1,2,1,1,2,2,1,2,1,2,3,1,2,2,1,4,3,1,3,1,2,3,1,3,1,1,1,4,1,3,3,1,5,1,5,2,1,4,5,4,5,2.8,4.0,6.2,2.0,2.4,58,3.3
49,Female,African American (or Black),183,5,6,1,4,5,2,2,5,4,2,5,6,5,5,4,3,5,4,2,5,3,3,4,1,5,3,3,2,3,1,4,2,3,2,3,3,3,2,4,2,2,3,3,2,2,3,2,4,3,2,3,2,3,4,2,2,5,3,4,4,3,4,2,3,1,4.2,3.0,5.0,3.8,3.2,80,3.1
21,Female,Asian American (or Pacific Islander),184,2,3,3,4,3,6,6,5,5,6,3,3,2,2,3,7,6,6,6,5,3,3,3,3,3,2,3,3,1,3,3,4,3,4,4,3,3,4,2,4,1,3,3,3,3,1,3,2,2,3,3,3,3,4,4,4,4,4,2,2,2,4,2,4,2,3.0,5.6,2.6,6.0,3.0,87,3.0
33,Female,African American (or Black),185,5,2,4,4,4,5,5,6,5,5,5,3,3,1,1,5,5,4,5,5,1,1,1,1,1,1,1,2,2,2,4,1,2,3,4,1,2,3,1,3,2,1,2,1,2,2,2,3,1,3,3,1,1,3,3,2,4,5,2,1,1,4,2,5,2,3.8,5.2,2.6,4.8,1.0,62,2.8
72,Male,Caucasian (or White),186,5,4,3,6,6,1,3,5,6,5,6,6,5,3,6,6,6,7,6,7,4,2,1,3,2,2,2,3,1,1,1,2,2,2,3,1,2,2,2,3,1,1,1,1,2,1,1,2,1,1,2,3,1,2,3,2,4,4,2,2,2,3,5,1,3,4.8,4.0,5.2,6.4,2.4,52,2.8
36,Female,African American (or Black),187,5,2,4,6,6,5,5,6,7,6,6,6,7,6,4,4,6,4,3,2,4,4,2,2,2,1,1,2,2,1,2,1,2,1,2,1,1,2,1,2,3,1,2,1,2,2,1,2,2,1,2,2,2,2,2,2,2,1,4,1,3,3,4,2,1,4.6,5.8,5.8,3.8,2.8,49,2.3
53,Female,African American (or Black),188,7,2,2,7,5,2,2,5,2,3,6,4,3,4,5,2,2,1,1,1,5,2,1,1,4,1,1,2,3,1,2,1,1,2,2,1,1,1,1,2,1,3,1,2,2,2,2,1,2,1,2,2,2,2,1,1,5,3,5,4,4,3,5,2,2,4.6,2.8,4.4,1.4,2.6,48,3.4
28,Female,African American (or Black),189,5,7,5,2,7,1,1,7,7,7,1,5,5,1,2,7,7,7,7,7,2,7,5,2,1,1,3,4,1,1,4,1,3,3,2,2,3,2,3,3,2,3,1,3,2,1,3,1,4,1,1,1,1,1,1,1,4,1,1,5,2,4,5,5,1,5.2,4.6,2.8,7.0,3.4,62,2.9
56,Female,Caucasian (or White),190,5,5,4,5,6,1,5,5,3,5,5,2,6,4,2,3,4,2,6,2,4,5,5,2,3,2,2,3,1,1,2,1,2,2,2,2,2,1,3,3,1,2,2,3,2,1,2,3,2,1,3,2,2,4,3,2,4,3,2,3,1,2,4,3,3,5.0,3.8,3.8,3.4,3.8,62,2.7
31,Male,Hispanic American (or Latino),191,5,6,5,6,7,6,3,4,3,4,6,6,7,7,6,5,6,5,7,6,7,7,6,4,7,3,3,3,2,1,2,4,2,3,2,2,2,4,2,2,3,3,2,3,3,3,1,2,3,3,3,2,2,2,2,2,5,4,5,5,4,4,4,4,2,5.8,4.0,6.4,5.8,6.2,74,3.9
28,Male,Asian American (or Pacific Islander),192,6,4,6,6,6,3,3,5,4,2,6,6,6,6,6,5,6,7,6,3,4,5,3,6,4,4,3,3,3,2,1,4,3,2,2,2,2,2,2,1,2,2,2,3,2,2,2,1,1,1,2,3,3,1,2,4,4,2,5,2,3,4,3,1,4,5.6,3.4,6.0,5.4,4.4,65,3.2
36,Female,African American (or Black),193,7,7,6,7,7,3,5,6,6,3,2,3,6,2,5,6,6,6,5,6,3,6,1,3,6,2,1,3,4,1,2,2,1,2,1,1,1,2,1,2,2,2,1,2,1,2,2,1,2,2,2,2,1,1,1,2,5,2,5,1,5,3,5,4,1,6.8,4.6,3.6,5.8,3.8,50,3.3
56,Male,African American (or Black),194,5,6,5,4,1,5,7,6,6,5,7,6,7,3,4,6,6,1,6,6,6,6,6,6,5,1,1,4,3,1,4,2,1,1,2,3,1,1,1,1,2,1,1,1,4,2,1,3,4,3,3,3,3,1,2,1,5,1,3,1,4,1,4,1,1,4.2,5.8,5.4,5.0,5.8,61,2.2
58,Male,Mixed race or ethnicity,195,5,5,3,5,6,5,5,5,5,4,7,7,6,6,7,3,2,2,3,3,6,6,5,4,5,1,3,4,4,1,1,1,1,1,1,2,1,2,2,2,3,2,4,4,1,2,2,2,3,2,3,2,3,2,2,1,5,4,4,1,5,2,4,1,1,4.8,4.8,6.6,2.6,5.2,64,2.8
60,Male,African American (or Black),196,6,7,6,2,5,6,5,7,7,4,6,1,6,1,1,6,6,6,2,5,6,1,1,1,1,1,1,3,1,1,2,1,2,1,1,1,1,1,2,2,1,1,1,1,1,1,1,4,1,1,2,1,1,1,1,4,4,1,4,5,5,4,5,3,1,5.2,5.8,3.0,5.0,2.0,40,3.6
25,Female,African American (or Black),197,3,5,2,5,6,6,2,5,6,5,3,3,5,3,2,6,5,4,3,3,5,3,1,3,2,2,2,3,2,1,3,3,2,3,1,2,2,2,2,4,1,2,3,3,2,1,2,1,1,1,3,2,2,2,2,1,2,2,2,3,3,4,4,5,2,4.2,4.8,3.2,4.2,2.8,62,2.8
44,Male,Caucasian (or White),198,7,5,6,6,7,6,6,5,5,6,7,6,4,4,7,7,7,7,7,7,6,7,4,7,7,2,4,4,4,1,4,2,2,2,1,1,1,1,4,1,1,3,1,4,1,1,4,1,2,1,3,4,1,1,2,5,5,1,2,5,5,1,5,2,1,6.2,5.6,5.6,7.0,6.2,64,3.2
54,Male,Caucasian (or White),199,6,5,5,4,6,6,6,6,7,5,7,6,7,7,4,2,4,4,2,3,6,6,4,7,6,3,3,3,3,1,2,4,1,2,2,1,2,2,2,3,1,2,2,2,2,1,2,1,2,1,1,4,2,4,3,3,5,1,4,3,5,4,5,2,2,5.2,6.0,6.2,3.0,5.8,64,3.4
23,Female,Hispanic American (or Latino),200,3,4,3,4,5,5,3,4,4,5,3,4,2,4,3,5,6,6,7,4,3,4,2,3,5,3,3,2,2,3,4,3,2,2,3,2,2,2,3,3,2,3,3,1,3,2,3,3,1,1,2,3,2,3,2,1,5,4,3,4,2,3,3,4,2,3.8,4.2,3.2,5.6,3.4,73,3.1
53,Female,Caucasian (or White),201,2,3,4,4,5,5,6,5,7,7,5,3,6,2,2,6,6,5,6,6,2,1,2,2,4,2,2,2,4,1,2,2,2,2,3,4,2,3,3,2,1,2,2,2,2,1,3,2,3,1,3,3,4,1,3,4,3,4,4,1,4,3,5,3,1,3.6,6.0,3.6,5.8,2.2,69,3.2
28,Female,African American (or Black),202,7,7,4,6,7,5,6,6,6,7,6,6,6,5,6,7,7,7,7,7,7,7,4,5,6,2,1,3,3,1,2,2,2,2,2,2,2,3,2,2,4,3,2,2,2,2,3,2,3,3,1,3,3,3,2,4,4,2,4,5,4,2,5,2,1,6.2,6.0,5.8,7.0,5.8,69,3.3
32,Female,African American (or Black),203,3,5,5,6,7,6,5,6,7,7,3,1,1,1,1,6,7,6,5,5,1,1,1,2,1,1,1,2,3,1,3,1,1,2,1,2,2,1,1,2,2,1,1,1,2,2,1,2,2,1,3,1,2,4,2,2,4,2,2,4,2,3,4,4,1,5.2,6.2,1.4,5.8,1.2,51,2.8
61,Female,Caucasian (or White),204,7,7,7,7,7,5,6,7,7,7,6,5,6,5,6,3,6,3,3,5,4,3,3,5,3,2,2,2,2,1,2,3,2,1,2,1,1,1,2,2,2,2,1,2,2,2,2,2,2,2,2,3,1,1,2,2,4,2,4,5,2,4,5,2,1,7.0,6.4,5.6,4.0,3.6,54,3.1
38,Female,Mixed race or ethnicity,205,4,5,6,5,7,4,5,3,7,7,3,2,7,1,3,6,6,5,6,6,3,3,1,6,3,3,3,1,2,3,4,4,3,4,1,1,1,2,2,2,2,3,2,2,4,3,2,4,2,1,3,1,1,3,1,2,2,4,1,1,4,3,3,5,1,5.4,5.2,3.2,5.8,3.2,70,2.6
29,Male,African American (or Black),206,3,3,3,3,4,4,4,4,4,4,4,4,5,4,6,1,4,4,4,4,4,4,2,3,4,2,1,3,2,2,1,3,2,2,2,1,2,3,1,3,2,1,1,2,3,1,2,1,1,1,2,2,1,3,2,2,3,2,3,2,4,2,3,4,3,3.2,4.0,4.6,3.4,3.4,55,2.8
32,Female,African American (or Black),207,5,2,2,5,5,1,2,2,2,3,3,4,3,3,6,4,4,4,4,5,1,1,2,4,4,3,1,1,1,1,1,2,2,2,2,2,3,3,1,4,1,1,1,1,2,2,2,1,2,2,1,3,1,3,4,2,3,5,4,4,2,1,4,3,3,3.8,2.0,3.8,4.2,2.4,56,3.1
48,Male,Caucasian (or White),208,5,5,6,5,7,1,5,3,3,7,7,7,3,5,5,4,4,5,6,3,4,2,1,5,4,3,1,3,3,1,1,3,3,2,2,2,2,3,1,2,1,2,1,2,2,2,2,4,2,1,2,2,2,2,2,4,4,3,4,4,5,3,5,2,1,5.6,3.8,5.4,4.4,3.2,61,3.5
35,Male,Caucasian (or White),209,6,4,6,3,5,7,7,7,7,7,5,6,6,5,5,2,2,2,2,6,3,2,1,1,3,1,1,2,2,1,3,1,2,1,1,4,2,3,1,1,3,1,1,1,2,2,2,3,3,1,3,3,3,1,3,2,1,1,4,4,1,5,5,4,4,4.8,7.0,5.4,2.8,2.0,58,3.1
55,Female,Caucasian (or White),210,3,4,3,5,6,2,4,3,5,5,6,5,7,6,5,1,3,2,2,3,5,5,2,3,3,2,1,4,3,2,2,1,2,2,3,3,1,3,2,3,2,2,2,2,2,1,2,2,1,2,3,2,3,2,2,4,4,1,4,5,5,2,5,2,1,4.2,3.8,5.8,2.2,3.6,64,3.3
48,Male,Caucasian (or White),211,3,3,3,3,5,3,5,5,5,5,5,5,5,5,6,3,3,3,3,5,2,2,2,5,2,2,1,3,3,2,2,3,1,2,2,1,2,1,2,2,1,1,1,2,2,2,2,2,1,1,2,2,1,3,4,1,4,2,4,2,2,2,5,4,5,3.4,4.6,5.2,3.4,2.6,56,3.1
32,Female,African American (or Black),212,3,6,2,3,5,4,3,4,4,5,6,4,6,6,3,4,5,3,6,6,5,4,3,3,5,2,2,2,4,2,4,1,1,1,1,3,2,2,1,4,1,1,1,1,2,1,2,3,1,1,1,3,3,2,2,1,1,5,5,5,1,1,3,4,1,3.8,4.0,5.0,4.8,4.0,57,2.7
29,Male,Caucasian (or White),213,5,5,4,6,5,5,4,2,7,6,1,4,3,4,3,3,5,2,1,5,6,5,3,5,4,2,1,3,2,1,1,2,3,2,1,1,2,2,1,4,1,1,2,1,3,1,1,1,1,1,1,1,1,3,2,2,4,1,5,3,5,2,4,2,2,5.0,4.8,3.0,3.2,4.6,49,3.0
36,Male,Caucasian (or White),214,5,2,3,4,3,5,6,7,6,5,6,4,6,6,3,2,1,1,2,3,5,5,2,5,2,1,2,3,3,1,3,1,2,3,3,3,2,3,3,2,1,2,3,2,2,1,1,2,3,3,2,2,2,2,2,2,5,3,2,5,1,2,4,3,4,3.4,5.8,5.0,1.8,3.8,65,3.1
21,Female,Caucasian (or White),215,5,6,4,5,6,5,3,1,5,4,4,5,3,4,4,5,5,2,2,5,5,2,2,4,3,2,1,3,1,1,2,2,2,1,2,1,3,2,2,2,1,1,1,1,4,1,1,2,1,1,1,1,2,3,3,2,1,1,4,4,1,1,5,2,2,5.2,3.6,4.0,3.8,3.2,51,2.3
19,Male,Asian American (or Pacific Islander),216,6,6,5,5,5,5,7,7,5,5,3,3,6,2,3,5,4,5,5,6,5,2,3,2,5,2,1,4,3,1,2,1,1,1,1,2,1,1,2,1,1,2,1,2,1,1,1,1,1,1,1,2,1,1,1,1,5,2,4,5,4,2,4,4,2,5.4,5.8,3.4,5.0,3.4,42,3.3
18,Male,Mixed race or ethnicity,217,4,4,4,5,6,2,5,3,6,5,2,1,1,3,3,2,5,4,7,3,6,2,2,7,5,2,4,3,1,2,4,3,3,3,4,1,1,4,4,3,4,4,2,3,2,1,4,2,2,4,4,2,1,3,4,1,5,5,4,4,1,3,4,5,1,4.6,4.2,2.0,4.2,4.4,84,3.3
36,Female,Caucasian (or White),218,7,7,4,6,6,4,6,5,6,5,2,3,5,6,2,7,6,5,4,5,6,6,2,6,3,2,2,3,2,2,3,3,2,2,3,2,2,2,2,3,1,3,2,3,2,2,1,4,3,3,2,3,2,4,1,2,5,2,4,3,3,1,4,2,4,6.0,5.2,3.6,5.4,4.6,71,3.0
38,Would prefer not to answer,Prefer not to answer,219,2,5,4,7,6,4,2,3,4,4,6,3,4,5,5,4,4,1,1,1,5,3,1,3,2,2,2,2,1,1,1,2,2,2,2,1,2,3,2,3,2,2,1,2,2,1,2,2,2,1,1,4,1,1,3,1,1,4,2,1,3,3,4,4,3,4.8,3.4,4.6,2.2,2.8,55,2.6
38,Female,Caucasian (or White),220,3,5,2,3,3,2,2,2,3,7,5,4,6,2,4,6,7,7,7,7,3,3,2,4,3,4,3,1,3,3,3,4,2,2,3,1,2,3,3,4,2,2,3,2,2,1,3,3,3,1,3,2,1,3,2,1,4,4,3,1,2,4,5,4,2,3.2,3.2,4.2,6.8,3.0,74,3.0
57,Female,Caucasian (or White),221,3,2,1,1,3,6,2,3,2,7,4,2,2,3,3,1,2,6,6,2,2,1,1,2,1,2,4,4,4,4,4,2,4,4,3,4,3,3,2,4,1,1,4,2,3,1,4,2,1,4,4,3,4,4,3,1,5,5,4,4,1,4,3,4,4,2.0,4.0,2.8,3.4,1.4,92,3.5
56,Female,Caucasian (or White),222,5,3,4,5,5,2,3,5,3,5,5,5,3,3,2,4,3,3,3,3,2,4,2,5,2,2,1,3,3,1,3,2,3,2,4,2,2,2,2,3,1,2,2,2,2,1,3,1,2,2,3,2,2,3,3,1,5,1,2,5,1,4,5,4,1,4.4,3.6,3.6,3.2,3.0,66,2.9
24,Male,Caucasian (or White),223,5,5,3,5,6,5,5,6,6,4,6,6,6,5,3,4,5,3,3,5,3,5,2,7,3,3,3,3,2,1,3,3,2,2,3,1,3,3,2,2,2,3,1,3,2,2,2,1,3,2,2,3,3,3,3,2,5,4,2,2,4,2,5,4,1,4.8,5.2,5.2,4.0,4.0,71,3.1
27,Male,Caucasian (or White),224,3,5,5,7,7,4,5,5,5,5,7,5,6,6,6,4,5,5,4,6,5,5,5,5,1,2,2,4,3,1,1,2,2,1,1,3,1,2,2,2,1,4,1,2,2,1,1,1,1,1,4,4,3,1,2,4,4,2,4,5,4,1,4,1,1,5.4,4.8,6.0,4.8,4.2,58,3.0
42,Male,Prefer not to answer,225,6,4,2,6,5,5,4,6,6,7,2,2,3,2,3,6,5,6,5,3,2,2,1,5,5,2,2,1,2,1,3,2,2,4,2,3,2,2,2,3,1,2,2,1,2,1,2,2,1,1,2,3,4,4,4,1,5,3,2,2,1,1,4,4,2,4.6,5.6,2.4,5.0,3.0,65,2.5
39,Male,Mixed race or ethnicity,226,5,5,2,7,7,6,4,5,3,6,6,6,5,3,4,5,7,5,4,6,5,6,4,4,5,2,2,3,2,1,3,2,3,3,4,3,2,4,2,2,4,3,3,3,3,3,3,2,4,4,3,3,3,3,4,4,2,4,3,4,3,4,3,4,1,5.2,4.8,4.8,5.4,4.8,86,3.2
48,Female,Caucasian (or White),227,4,4,5,3,5,5,4,5,5,7,2,2,1,2,5,4,7,5,6,5,4,4,2,2,4,3,3,2,1,3,2,3,2,3,3,2,3,3,3,3,1,3,2,1,4,1,2,2,1,1,1,2,1,2,3,2,4,2,2,3,2,4,4,4,4,4.2,5.2,2.4,5.4,3.2,66,3.1
50,Female,Caucasian (or White),228,6,6,2,3,6,3,5,5,5,7,3,3,6,2,2,6,7,4,7,3,5,2,2,2,2,2,1,2,2,2,4,1,3,4,3,3,2,4,3,3,1,1,3,2,3,3,1,3,3,1,3,2,3,1,2,4,4,2,1,2,4,4,4,4,1,4.6,5.0,3.2,5.4,2.6,71,3.0
31,Female,Mixed race or ethnicity,229,6,5,4,7,7,5,5,5,5,6,3,2,1,3,2,5,7,3,5,6,1,3,5,2,5,1,1,3,3,1,4,1,2,3,3,3,1,1,3,2,4,2,3,2,2,3,4,1,3,4,4,2,2,1,1,1,4,1,2,4,1,4,5,4,2,5.8,5.2,2.2,5.2,3.2,70,2.8
47,Female,African American (or Black),230,7,7,3,7,7,3,3,7,3,6,7,6,5,6,4,5,7,1,2,7,6,7,5,3,6,2,3,3,3,3,3,2,2,3,3,2,2,4,2,1,2,3,2,2,2,2,2,3,1,3,3,4,3,1,2,2,4,1,4,5,4,2,5,2,2,6.2,4.4,5.6,4.4,5.4,73,3.1
66,Male,Caucasian (or White),231,6,5,5,7,7,2,2,5,3,3,6,7,5,5,3,5,5,5,5,5,5,5,2,6,2,2,2,3,2,2,2,4,3,2,3,2,2,2,2,2,1,2,2,2,2,1,2,1,2,2,2,3,2,2,3,2,4,1,2,5,4,2,5,3,2,6.0,3.0,5.2,5.0,4.0,64,3.0
40,Female,African American (or Black),232,7,7,5,7,7,7,7,7,7,7,6,1,3,1,1,7,7,6,6,6,7,5,1,3,2,1,2,3,4,1,1,1,1,1,1,1,1,1,2,1,1,3,2,2,1,1,3,2,1,1,2,2,1,3,1,4,5,1,5,5,5,4,5,5,1,6.6,7.0,2.4,6.4,3.6,48,4.0
51,Female,Caucasian (or White),233,6,5,5,5,7,6,6,6,5,7,6,5,6,6,5,2,6,5,5,6,3,2,3,1,3,1,1,3,3,2,2,1,2,3,2,3,2,2,2,2,2,2,2,2,2,3,4,2,3,3,4,2,3,2,2,2,5,5,2,5,1,5,5,4,1,5.6,6.0,5.6,4.8,2.4,69,3.5
26,Male,African American (or Black),234,6,3,3,5,6,5,3,3,5,7,3,6,5,3,3,3,7,4,3,5,2,3,2,2,2,3,1,2,2,1,4,4,2,3,3,2,2,3,1,3,3,2,2,2,2,1,2,2,2,2,2,1,1,4,3,1,2,4,4,1,2,4,4,4,2,4.6,4.6,4.0,4.4,2.2,67,2.8
53,Female,Caucasian (or White),235,5,6,7,5,7,6,6,5,6,5,5,3,2,5,5,6,7,2,5,2,5,2,2,2,3,2,2,2,1,1,2,3,2,2,2,2,2,2,2,2,2,2,2,2,2,1,2,3,2,1,3,2,2,2,2,2,2,2,2,4,2,4,4,4,2,6.0,5.6,4.0,4.4,2.8,59,2.8
37,Female,Caucasian (or White),236,5,3,5,3,5,3,2,6,6,2,3,3,6,5,6,5,2,5,3,3,5,3,1,3,4,2,2,4,3,1,2,3,2,2,3,3,2,3,3,4,1,2,2,3,2,2,3,1,1,1,2,3,3,2,2,2,4,1,4,2,5,2,5,3,2,4.2,3.8,4.6,3.6,3.2,69,3.0
57,Female,Caucasian (or White),237,7,5,5,5,6,4,7,6,7,6,7,5,7,3,6,7,7,6,5,5,6,4,1,4,4,2,2,3,4,2,2,1,1,1,2,2,2,2,1,2,1,2,3,3,2,1,3,1,2,2,2,3,2,1,2,2,4,1,4,4,4,2,5,2,4,5.6,6.0,5.6,6.0,3.8,59,3.2
24,Female,Mixed race or ethnicity,238,7,5,4,7,7,3,4,7,5,5,7,6,6,3,3,3,6,4,5,5,5,5,5,5,4,2,1,2,4,1,3,2,2,4,2,1,2,4,1,4,1,2,1,3,2,1,1,3,1,2,3,4,1,1,3,2,5,3,4,1,4,2,4,5,1,6.0,4.8,5.0,4.6,4.8,64,3.1
34,Female,Hispanic American (or Latino),239,5,5,6,7,7,5,3,5,5,6,5,4,3,2,3,5,6,6,6,6,5,2,5,3,5,2,2,3,2,2,3,1,2,3,2,2,2,1,2,3,1,2,3,2,2,2,3,2,3,2,3,1,2,3,2,4,2,4,3,4,4,4,4,4,3,6.0,4.8,3.4,5.8,4.0,65,3.6
20,Gender queer/Gender nonconforming,Caucasian (or White),240,6,4,4,6,6,3,2,2,3,7,5,6,4,6,6,6,4,6,6,6,5,5,4,3,5,3,3,4,4,2,1,3,2,2,2,2,2,2,3,2,2,3,2,3,2,2,1,2,2,1,2,4,2,2,2,4,4,4,5,2,4,3,4,4,3,5.2,3.4,5.4,5.6,4.4,69,3.7
33,Female,Caucasian (or White),241,4,4,4,5,6,6,5,5,5,6,5,4,3,3,5,4,5,4,3,4,4,4,2,2,2,2,1,1,2,1,3,1,2,3,1,2,2,2,1,2,1,2,1,1,2,1,2,1,3,3,2,3,1,2,3,2,3,2,3,5,1,3,4,4,1,4.6,5.4,4.0,4.0,2.8,54,2.8
49,Female,Caucasian (or White),242,5,5,5,5,5,1,6,3,4,4,4,6,4,6,4,6,6,6,6,2,5,5,5,5,4,2,3,3,4,1,1,2,2,2,1,1,2,1,1,2,1,3,1,2,2,1,1,4,2,1,1,2,1,2,1,5,5,2,3,4,5,3,4,1,3,5.0,3.6,4.8,5.2,4.8,53,3.5
24,Female,Caucasian (or White),243,6,6,4,6,6,2,1,2,2,5,7,7,7,6,6,5,6,6,7,7,7,6,4,7,6,3,3,3,3,2,2,3,2,3,3,2,3,4,3,3,3,3,2,3,2,3,3,1,3,3,3,2,2,4,3,4,5,4,5,4,5,2,5,1,2,5.6,2.4,6.6,6.2,6.0,82,3.7
24,Female,Caucasian (or White),244,5,3,6,7,5,2,6,4,5,6,2,1,2,3,3,6,6,5,6,5,3,4,5,1,3,2,2,1,2,2,3,2,2,3,4,2,2,2,3,2,1,2,1,2,2,2,3,3,3,3,1,2,2,4,2,2,2,4,2,2,2,2,4,5,2,5.2,4.6,2.2,5.6,3.2,67,2.7
33,Male,Hispanic,245,2,2,2,6,6,6,7,2,3,7,1,1,1,1,2,5,6,5,5,5,2,1,2,2,2,3,1,2,1,2,4,1,2,3,2,3,1,3,1,3,2,1,3,1,2,1,1,3,1,2,4,3,3,3,3,1,1,4,2,2,1,5,2,5,1,3.6,5.0,1.2,5.2,1.8,65,2.4
35,Female,Caucasian (or White),246,6,5,6,5,6,7,6,6,6,3,7,5,6,4,2,3,3,1,1,2,3,5,2,5,1,2,3,2,1,2,3,2,3,2,3,1,3,4,2,2,3,2,1,2,3,2,2,2,4,2,3,2,2,2,3,2,3,2,1,5,1,3,2,4,1,5.6,5.6,4.8,2.0,3.2,70,2.4
55,Female,Caucasian (or White),247,7,5,5,6,7,2,5,7,6,7,6,2,3,2,3,4,7,3,4,3,2,2,1,2,2,1,3,4,2,2,4,1,2,2,2,1,2,1,3,2,1,3,2,2,2,1,2,1,3,1,4,2,1,3,1,3,4,2,3,4,1,3,4,3,1,6.0,5.4,3.2,4.2,1.8,61,2.8
35,Male,Mixed race or ethnicity,248,5,2,5,7,5,3,4,3,6,6,1,2,1,4,1,4,6,7,2,7,1,2,1,3,4,4,4,1,3,4,4,4,3,4,1,3,2,4,4,3,4,4,3,4,3,3,3,1,2,2,4,1,4,1,4,1,5,5,1,2,1,5,5,5,5,4.8,4.4,1.8,5.2,2.2,91,3.5
42,Male,African American (or Black),249,6,2,2,6,6,4,5,5,5,5,2,5,3,4,5,6,6,4,5,5,6,6,4,5,5,2,1,2,3,1,2,3,2,2,2,2,2,3,1,2,3,2,3,3,2,2,2,2,3,3,2,3,3,2,2,2,4,2,4,2,4,4,4,2,2,4.4,4.8,3.8,5.2,5.2,67,3.0
